Title,URL
[서울 강남][쿠폰] 고피자 대치본점 신청하기,https://dinnerqueen.net/taste/683375
[서울 강남][쿠폰] 고피자 한티역점 신청하기,https://dinnerqueen.net/taste/683376
[서울 영등포][릴스] 긴자바이린 더현대서울점 신청하기,https://dinnerqueen.net/taste/677141
[서울 강남][릴스] 타코로쌈바 신청하기,https://dinnerqueen.net/taste/684071
[서울 용산][릴스] 솔직한우 용산점 신청하기,https://dinnerqueen.net/taste/684346
[서울 강남][릴스] 솔직한우 역삼점 신청하기,https://dinnerqueen.net/taste/684348
[서울 용산][릴스] 뚜스뚜스 용산점 신청하기,https://dinnerqueen.net/taste/684012
[서울 성동][릴스] 솔직한우 옥수점 신청하기,https://dinnerqueen.net/taste/684347
[서울 강남][릴스] 팡뮤제 베이커리 강남본점 신청하기,https://dinnerqueen.net/taste/684106
[서울 서초][릴스] 핸드크라프트 신청하기,https://dinnerqueen.net/taste/684154
[서울 중구][릴스] 성원식당 별관 신청하기,https://dinnerqueen.net/taste/684376
[서울 영등포][릴스] 바게트 서울 신청하기,https://dinnerqueen.net/taste/684193
[서울 관악][릴스] 계탄언니 신청하기,https://dinnerqueen.net/taste/684061
[서울 마포][릴스] 풍년숯불갈비 신청하기,https://dinnerqueen.net/taste/684330
[서울 광진][릴스] 대구 안지랑 곱창 막창 건대점 신청하기,https://dinnerqueen.net/taste/684345
[서울 종로][릴스] 장독대 신청하기,https://dinnerqueen.net/taste/684367
[서울 은평][릴스] 비전테이블 신청하기,https://dinnerqueen.net/taste/684390
[서울 금천][릴스] 샤오당쟈마라탕 가산점 신청하기,https://dinnerqueen.net/taste/684199
[서울 마포][릴스] 우가촌 설렁탕 신청하기,https://dinnerqueen.net/taste/684200
[서울 강남구][릴스] 1955강남낙지 신청하기,https://dinnerqueen.net/taste/684014
[서울 구로][릴스] 놀이터 전통주 주점 신청하기,https://dinnerqueen.net/taste/684076
[서울 금천][릴스] 푸드박스 금천점 신청하기,https://dinnerqueen.net/taste/684099
[서울 강동][릴스] 동네술상 신청하기,https://dinnerqueen.net/taste/684360
[서울 강남][릴스] 브롱스 선릉점 신청하기,https://dinnerqueen.net/taste/684373
[서울 광진][릴스] 쭈삼문 신청하기,https://dinnerqueen.net/taste/684381
[서울 서초][릴스] 백연 신청하기,https://dinnerqueen.net/taste/684151
[서울 강남][릴스] 샤오당쟈마라탕 신현대점 신청하기,https://dinnerqueen.net/taste/684185
[서울 송파][릴스] 어쩌다 양식 포차 신청하기,https://dinnerqueen.net/taste/684205
[서울 강남][릴스] 샤오당쟈마라탕 압구정점 신청하기,https://dinnerqueen.net/taste/684210
[서울 영등포][릴스] 이일사에이엠 214AM 신청하기,https://dinnerqueen.net/taste/684009
[서울 구로][릴스] 타이두 신청하기,https://dinnerqueen.net/taste/684020
[서울 서초][릴스] 땐서의순정 신청하기,https://dinnerqueen.net/taste/684026
[서울 강남] 타코로쌈바 신청하기,https://dinnerqueen.net/taste/684072
[서울 성동] 우대포 왕십리직영점 신청하기,https://dinnerqueen.net/taste/684187
[서울 강남] 고수닭갈비 신청하기,https://dinnerqueen.net/taste/684085
[서울 강남] 팡뮤제 베이커리 강남본점 신청하기,https://dinnerqueen.net/taste/684107
[서울 종로] 하얀고래 종각본점 신청하기,https://dinnerqueen.net/taste/684258
[서울 마포] 장인닭갈비 홍대점 신청하기,https://dinnerqueen.net/taste/684090
[서울 강남] 오늘잡은안동갈비 신사점 신청하기,https://dinnerqueen.net/taste/684399
[서울 광진] 노모어피자 건대점 신청하기,https://dinnerqueen.net/taste/684159
[서울 관악] 장인닭갈비 신림점 신청하기,https://dinnerqueen.net/taste/684198
[서울 강동] 명일돈 신청하기,https://dinnerqueen.net/taste/684273
[서울 강남] 솔직한우 역삼점 신청하기,https://dinnerqueen.net/taste/684352
[서울 마포] 하노이의아침 상암점 신청하기,https://dinnerqueen.net/taste/677092
[서울 영등포] 당산양철집 닭갈비도리탕 신청하기,https://dinnerqueen.net/taste/684397
[서울 노원] 김밥윤결&만두 신청하기,https://dinnerqueen.net/taste/677142
[서울 용산] 솔직한우 용산점 신청하기,https://dinnerqueen.net/taste/684354
[서울 은평] 비전테이블 신청하기,https://dinnerqueen.net/taste/684389
[서울 중구] 오펠리스웨딩홀 신청하기,https://dinnerqueen.net/taste/684392
[서울 강남] 1955강남낙지 신청하기,https://dinnerqueen.net/taste/684015
[서울 광진] 류지로 신청하기,https://dinnerqueen.net/taste/677111
[서울 종로] 리향 신청하기,https://dinnerqueen.net/taste/683859
[서울 광진] 쭈삼문 신청하기,https://dinnerqueen.net/taste/684383
[서울 중구] 을지깐깐 을지로점 신청하기,https://dinnerqueen.net/taste/677091
[서울 용산] 뚜스뚜스 용산점 신청하기,https://dinnerqueen.net/taste/684013
[서울 강남] 도도짝갈비 신청하기,https://dinnerqueen.net/taste/684357
[서울 성동] 띠또분식 신청하기,https://dinnerqueen.net/taste/683873
[서울 금천] 샤오당쟈마라탕 가산점 신청하기,https://dinnerqueen.net/taste/684204
[서울 광진] 스시텐 광나루 신청하기,https://dinnerqueen.net/taste/677089
[서울 강남] 원 신청하기,https://dinnerqueen.net/taste/684039
[서울 관악] 떡의작품 가래떡볶이 봉천점 신청하기,https://dinnerqueen.net/taste/684303
[서울 마포] 풍년숯불갈비 신청하기,https://dinnerqueen.net/taste/684332
[서울 광진] 대구 안지랑 곱창 막창 건대점 신청하기,https://dinnerqueen.net/taste/684356
[서울 강남] 샤오당쟈마라탕 압구정점 신청하기,https://dinnerqueen.net/taste/684211
[서울 성동] 솔직한우 옥수점 신청하기,https://dinnerqueen.net/taste/684353
[서울 중구] 성수라 을지로점 신청하기,https://dinnerqueen.net/taste/684161
[서울 강남] 샤오당쟈마라탕 신현대점 신청하기,https://dinnerqueen.net/taste/684186
[서울 구로] 타이두 신청하기,https://dinnerqueen.net/taste/684023
[서울 노원] 규월 신청하기,https://dinnerqueen.net/taste/684028
[서울 동작] 사당 우이 신청하기,https://dinnerqueen.net/taste/677150
[서울 서초] 오대산산채전문점 신청하기,https://dinnerqueen.net/taste/684391
[서울 성북] 아케미 신청하기,https://dinnerqueen.net/taste/677174
[서울 강남] 노모어피자 개포점 신청하기,https://dinnerqueen.net/taste/684163
[서울 영등포] 바게트 서울 신청하기,https://dinnerqueen.net/taste/684194
[서울 중구] 일월스낵 던던 동대문점 신청하기,https://dinnerqueen.net/taste/684011
[서울 양천] 프레임 신청하기,https://dinnerqueen.net/taste/684046
[서울 중구] 왕비집 명동본점 신청하기,https://dinnerqueen.net/taste/684063
[서울 종로] 장독대 신청하기,https://dinnerqueen.net/taste/684368
[서울 강남] 브롱스 선릉점 신청하기,https://dinnerqueen.net/taste/684374
[서울 중구] 성원식당 별관 신청하기,https://dinnerqueen.net/taste/684377
[서울 마포] 우가촌 설렁탕 신청하기,https://dinnerqueen.net/taste/684203
[서울 중구] 주마등 신청하기,https://dinnerqueen.net/taste/677093
[서울 성동] 하마루 신청하기,https://dinnerqueen.net/taste/677110
[서울 관악] 야나기 신청하기,https://dinnerqueen.net/taste/684305
[서울 구로] 놀이터 전통주 주점 신청하기,https://dinnerqueen.net/taste/684077
[서울 노원] 메이게츠 공릉점 신청하기,https://dinnerqueen.net/taste/684119
[서울 마포] MUU한우다이닝 합정 신청하기,https://dinnerqueen.net/taste/684122
[서울 성북] 소미네 불 닭꼬치 신청하기,https://dinnerqueen.net/taste/684125
[서울 종로] 백미향마라탕 명륜점 신청하기,https://dinnerqueen.net/taste/684404
[서울 서초] 백연 신청하기,https://dinnerqueen.net/taste/684152
[서울 강남] 쇼미더크랩 압구정점 신청하기,https://dinnerqueen.net/taste/684160
[서울 송파] 어쩌다 양식 포차 신청하기,https://dinnerqueen.net/taste/684206
[서울 은평] 멘야다이고미 본점 신청하기,https://dinnerqueen.net/taste/684280
[서울 영등포] 로바다야끼소담 여의도점 신청하기,https://dinnerqueen.net/taste/684031
[서울 마포] 힙하디 신청하기,https://dinnerqueen.net/taste/684295
[충남 홍성] 면천갈비 본점 신청하기,https://dinnerqueen.net/taste/684091
[서울 강동] 동네술상 신청하기,https://dinnerqueen.net/taste/684369
[서울 동대문] 아리아 신청하기,https://dinnerqueen.net/taste/684393
[서울 영등포] 이일사에이엠 214AM 신청하기,https://dinnerqueen.net/taste/684010
[서울 강북] 와라이 신청하기,https://dinnerqueen.net/taste/677105
[서울 광진] 101호술집 신청하기,https://dinnerqueen.net/taste/684022
[서울 중구] 촨촨지우바 신청하기,https://dinnerqueen.net/taste/684279
[서울 서초] 땐서의순정 신청하기,https://dinnerqueen.net/taste/684027
[서울 마포] 만담주 신청하기,https://dinnerqueen.net/taste/684030
[서울 마포][릴스] 그날연남 신청하기,https://dinnerqueen.net/taste/682528
[서울 종로][릴스] 코미도리 종각점 신청하기,https://dinnerqueen.net/taste/682479
[서울 동대문][릴스] 스윗플룸케이크 신청하기,https://dinnerqueen.net/taste/682796
[서울 광진][릴스] 리셋커피 아일랜드 신청하기,https://dinnerqueen.net/taste/683040
[서울 강남][릴스] 쑤항계절 신청하기,https://dinnerqueen.net/taste/682891
[서울 성동][릴스] 에빠 신청하기,https://dinnerqueen.net/taste/683036
[서울 마포][릴스] 고손수제군만두 망원 신청하기,https://dinnerqueen.net/taste/682524
[서울 강남][릴스] 오또상라멘 신청하기,https://dinnerqueen.net/taste/683055
[서울 종로][릴스] 진향족발 신청하기,https://dinnerqueen.net/taste/683069
[서울 마포][릴스] 더목 연남 신청하기,https://dinnerqueen.net/taste/682191
[서울 성동][릴스] 돈슐랭 신청하기,https://dinnerqueen.net/taste/682797
[서울 마포][릴스] 카페 베르 신청하기,https://dinnerqueen.net/taste/682927
[서울 강서][릴스] 육심 신청하기,https://dinnerqueen.net/taste/682464
[서울 관악][릴스] 텍사스파파크레페 서울대입구역점 신청하기,https://dinnerqueen.net/taste/682465
[서울 마포][릴스] 에일크루 신청하기,https://dinnerqueen.net/taste/682760
[서울 마포][릴스] 숲길돈가스 신청하기,https://dinnerqueen.net/taste/682508
[서울 관악][릴스] 암소도둑 신청하기,https://dinnerqueen.net/taste/682534
[서울 은평] [릴스] 육식대왕 은평구점 신청하기,https://dinnerqueen.net/taste/682812
[서울 관악] [릴스] 봉천동매운떡볶이 봉천본점 신청하기,https://dinnerqueen.net/taste/682176
[서울 동작][릴스] 37.5 동작이수점 신청하기,https://dinnerqueen.net/taste/682944
[서울 마포] [릴스] 이오 한우구이 스키야키 신청하기,https://dinnerqueen.net/taste/682211
[서울 강동][릴스] 일방통행국물즉석떡볶이&화덕피자 신청하기,https://dinnerqueen.net/taste/683037
[서울 중구] [릴스] 촨촨지우바 신청하기,https://dinnerqueen.net/taste/682805
[경기 용인][릴스] 갈비다 플러스 신청하기,https://dinnerqueen.net/taste/682730
[대구 중구][릴스] 동백카츠 동성로점 신청하기,https://dinnerqueen.net/taste/682899
[서울 동작][릴스] 고씨네 숭실대점 신청하기,https://dinnerqueen.net/taste/682398
[서울 강동][릴스] 해송쌈밥 신청하기,https://dinnerqueen.net/taste/682940
[서울 서초][릴스] 37.5 시그니처 서래마을점 신청하기,https://dinnerqueen.net/taste/682945
[서울 강북][릴스] 쎄쎄 신청하기,https://dinnerqueen.net/taste/682202
[강원 속초][릴스] 명자나무 신청하기,https://dinnerqueen.net/taste/682462
[서울 중구][릴스] 명동덮밥도시락 신청하기,https://dinnerqueen.net/taste/682731
[서울 은평][릴스] 까르네 연신내본점 신청하기,https://dinnerqueen.net/taste/682734
[서울 중구][릴스] 장충동비비 신청하기,https://dinnerqueen.net/taste/682486
[서울 성동][릴스] 우야꼬모듬전포차 신청하기,https://dinnerqueen.net/taste/683006
[서울 강남] 우미돈 블랙 신청하기,https://dinnerqueen.net/taste/682871
[서울 강남] 우대포 강남역점 신청하기,https://dinnerqueen.net/taste/682264
[서울 강동] 스시야미 천호점 신청하기,https://dinnerqueen.net/taste/682446
[서울 노원] 명륜진사갈비 서울하계점 신청하기,https://dinnerqueen.net/taste/682587
[서울 마포] 금성회관 합정본점 신청하기,https://dinnerqueen.net/taste/682522
[서울 동대문] 알라보 청량리점 신청하기,https://dinnerqueen.net/taste/683086
[서울 영등포] 제이디그릴바 신청하기,https://dinnerqueen.net/taste/682563
[서울 송파] 골목집 신청하기,https://dinnerqueen.net/taste/682338
[서울 강남] 에뚜왈 신청하기,https://dinnerqueen.net/taste/675266
[서울 마포] 빌렛 신청하기,https://dinnerqueen.net/taste/682831
[서울 강동] 모리향 강동점 신청하기,https://dinnerqueen.net/taste/683115
[서울 성북] 샬레 신청하기,https://dinnerqueen.net/taste/682820
[서울 노원] 명륜진사갈비 상계역점 신청하기,https://dinnerqueen.net/taste/682365
[서울 마포] 그날연남 신청하기,https://dinnerqueen.net/taste/682531
[서울 동대문] 스윗플룸케이크 신청하기,https://dinnerqueen.net/taste/682799
[서울 중구] 금성회관 서울시청직영점 신청하기,https://dinnerqueen.net/taste/682564
[서울 동대문] 꽃게장집 간장게장 무한리필 신청하기,https://dinnerqueen.net/taste/683221
[서울 송파] 현차이나 신청하기,https://dinnerqueen.net/taste/683231
[서울 광진] 영화돈 신청하기,https://dinnerqueen.net/taste/682224
[서울 종로] 진향족발 신청하기,https://dinnerqueen.net/taste/683071
[서울 강동] 가장맛있는족발 굽은다리역점 신청하기,https://dinnerqueen.net/taste/682848
[서울 광진] 포차조개구이 신청하기,https://dinnerqueen.net/taste/682679
[서울 강서] 사이 마곡점 신청하기,https://dinnerqueen.net/taste/682974
[서울 송파] 구복만두 신청하기,https://dinnerqueen.net/taste/682293
[서울 광진] 화로선생 신청하기,https://dinnerqueen.net/taste/682608
[서울 관악] 짬뽕지존 봉천점 신청하기,https://dinnerqueen.net/taste/683177
[서울 송파] 오브진 베이커리 신청하기,https://dinnerqueen.net/taste/683187
[서울 은평] 육식대왕 은평구점 신청하기,https://dinnerqueen.net/taste/682811
[서울 성동] 성수라 신청하기,https://dinnerqueen.net/taste/675203
[서울 마포] 사위식당 공덕점 신청하기,https://dinnerqueen.net/taste/682248
[서울 강동] 블론드브레드 신청하기,https://dinnerqueen.net/taste/682418
[서울 동작] 정통집 사당점 신청하기,https://dinnerqueen.net/taste/682219
[서울 성동] 최가네샤브버섯칼국수 신청하기,https://dinnerqueen.net/taste/682591
[서울 구로] 초원양꼬치 신청하기,https://dinnerqueen.net/taste/682650
[서울 종로] 무제스시 신청하기,https://dinnerqueen.net/taste/683191
[서울 마포] 역전포장마차 홍대연남점 신청하기,https://dinnerqueen.net/taste/683121
[서울 강남] 프레드므아 청담지점 신청하기,https://dinnerqueen.net/taste/683124
[서울 마포] 타키 합정 신청하기,https://dinnerqueen.net/taste/682937
[서울 성동] 성수오뎅 신청하기,https://dinnerqueen.net/taste/682697
[서울 강남] 동명닭집 논현직영점 신청하기,https://dinnerqueen.net/taste/682961
[서울 강서] 육심 신청하기,https://dinnerqueen.net/taste/682467
[서울 강남] 우제홍초밥 신청하기,https://dinnerqueen.net/taste/682991
[서울 중구] 금성회관 약수역직영점 신청하기,https://dinnerqueen.net/taste/682502
[서울 관악] 오늘그대와 샤로수길점 신청하기,https://dinnerqueen.net/taste/682355
[서울 성북] 제주고깃집 성북구청점 신청하기,https://dinnerqueen.net/taste/675212
[서울 마포] 더목 연남 신청하기,https://dinnerqueen.net/taste/682192
[서울 성북] 제주고깃집 안암점 신청하기,https://dinnerqueen.net/taste/675209
[서울 노원] 돈통마늘보쌈 노원역점 신청하기,https://dinnerqueen.net/taste/682691
[서울 도봉] 샤브마을 신청하기,https://dinnerqueen.net/taste/682954
[서울 서초] 우대포 양재점 신청하기,https://dinnerqueen.net/taste/682973
[서울 성동] 에빠 신청하기,https://dinnerqueen.net/taste/683039
[서울 송파] 양재닭집둘째아들 신청하기,https://dinnerqueen.net/taste/682539
[서울 강동] 술곳간 신청하기,https://dinnerqueen.net/taste/683074
[서울 강남] 청담뚝배기 신청하기,https://dinnerqueen.net/taste/682612
[서울 영등포] 먹음베이커리 신청하기,https://dinnerqueen.net/taste/675192
[대구 중구] 동백카츠 동성로점 신청하기,https://dinnerqueen.net/taste/682900
[서울 성동] 오봉집 신금호점 신청하기,https://dinnerqueen.net/taste/682403
[서울 광진] 명봉마라훠궈 신청하기,https://dinnerqueen.net/taste/683175
[서울 마포] 에일크루 신청하기,https://dinnerqueen.net/taste/682761
[서울 강동] 일방통행국물즉석떡볶이&화덕피자 신청하기,https://dinnerqueen.net/taste/683038
[서울 중구] BEEFY 신청하기,https://dinnerqueen.net/taste/682670
[서울 마포] 오복명가 순대국 신청하기,https://dinnerqueen.net/taste/683205
[서울 강남] 황재벌 강남점 신청하기,https://dinnerqueen.net/taste/682699
[서울 강남] 우대포 압구정점 신청하기,https://dinnerqueen.net/taste/682972
[서울 마포] 웅기로 신청하기,https://dinnerqueen.net/taste/682208
[서울 종로] 코미도리 종각점 신청하기,https://dinnerqueen.net/taste/682483
[서울 서초] 뽕사부 교대 신청하기,https://dinnerqueen.net/taste/682266
[서울 광진] 리셋커피 아일랜드 신청하기,https://dinnerqueen.net/taste/683041
[서울 강남] 준 신사본점 신청하기,https://dinnerqueen.net/taste/683077
[서울 광진] 포몬스 건대점 신청하기,https://dinnerqueen.net/taste/683101
[서울 성동] 귀한족발 왕십리점 신청하기,https://dinnerqueen.net/taste/682874
[서울 광진] 환원당 신청하기,https://dinnerqueen.net/taste/682885
[서울 마포] 페럿월드 신청하기,https://dinnerqueen.net/taste/682648
[서울 서대문] 시도 플레이스 신청하기,https://dinnerqueen.net/taste/682401
[서울 중구] 오뷔르베이커리 신청하기,https://dinnerqueen.net/taste/675513
[서울 동작] 스톤504 신청하기,https://dinnerqueen.net/taste/682687
[서울 광진] 목화돈 건대점 신청하기,https://dinnerqueen.net/taste/682236
[서울 금천] 으뜸숙성한우No.9 신청하기,https://dinnerqueen.net/taste/683042
[서울 관악] 암소도둑 신청하기,https://dinnerqueen.net/taste/682535
[서울 마포] 오미야 신청하기,https://dinnerqueen.net/taste/682826
[서울 마포] 섬 신청하기,https://dinnerqueen.net/taste/683119
[서울 광진] 군자뉴닭한마리 신청하기,https://dinnerqueen.net/taste/683154
[서울 영등포] 당산우리곱창 신청하기,https://dinnerqueen.net/taste/675480
[서울 용산] umoae 신청하기,https://dinnerqueen.net/taste/682929
[서울 성북] 베나레스 본점 신청하기,https://dinnerqueen.net/taste/682712
[서울 영등포] 카츠야미 영등포점 신청하기,https://dinnerqueen.net/taste/683241
[서울 강북] CAFFE IN 신청하기,https://dinnerqueen.net/taste/682245
[서울 강남] MUU한우다이닝 논현본점 신청하기,https://dinnerqueen.net/taste/682274
[서울 서초] 대풍 간장게장 생선구이 신청하기,https://dinnerqueen.net/taste/671133
[서울 강남] 타키 신사점 신청하기,https://dinnerqueen.net/taste/682930
[서울 송파] 바이완 잠실본점 신청하기,https://dinnerqueen.net/taste/682424
[서울 광진] 독도수산 신청하기,https://dinnerqueen.net/taste/682949
[서울 종로] 차니오뎅 신청하기,https://dinnerqueen.net/taste/682953
[서울 성동] ATE 성수 신청하기,https://dinnerqueen.net/taste/682976
[서울 은평] 까르네 연신내본점 신청하기,https://dinnerqueen.net/taste/682739
[서울 강남] 베이커리 토드 신청하기,https://dinnerqueen.net/taste/682489
[서울 서대문] 에일크루브루잉 신촌점 신청하기,https://dinnerqueen.net/taste/682844
[서울 동작] 백채김치찌개 사당점 신청하기,https://dinnerqueen.net/taste/675226
[서울 마포] 쎄쎄쎄 신청하기,https://dinnerqueen.net/taste/682253
[서울 마포] 숲길돈가스 신청하기,https://dinnerqueen.net/taste/682509
[서울 은평] 담소 신청하기,https://dinnerqueen.net/taste/682788
[서울 강남] 맹그르브삼겹살 신청하기,https://dinnerqueen.net/taste/682305
[서울 강남] 뎅오야 신청하기,https://dinnerqueen.net/taste/682307
[서울 종로] 역전포장마차 종각종로점 신청하기,https://dinnerqueen.net/taste/683120
[서울 도봉] 할배골 신청하기,https://dinnerqueen.net/taste/675186
[서울 동대문] 조아죽네쭈꾸미 신청하기,https://dinnerqueen.net/taste/682636
[서울 동작] 고씨네 숭실대점 신청하기,https://dinnerqueen.net/taste/682399
[서울 성동] 온다매육가 신청하기,https://dinnerqueen.net/taste/682420
[서울 강동] 해송쌈밥 신청하기,https://dinnerqueen.net/taste/682943
[서울 송파] 논노난나 신청하기,https://dinnerqueen.net/taste/683199
[서울 관악] 텍사스파파크레페 서울대입구역점 신청하기,https://dinnerqueen.net/taste/682466
[서울 강남] 오또상라멘 신청하기,https://dinnerqueen.net/taste/683057
[서울 마포] 오복솥뚜껑 홍대점 신청하기,https://dinnerqueen.net/taste/682344
[서울 관악] 카페더띤뚜 신청하기,https://dinnerqueen.net/taste/682878
[서울 도봉] 이빠이뼈다귀 신청하기,https://dinnerqueen.net/taste/675214
[서울 서초] 37.5 시그니처 서래마을점 신청하기,https://dinnerqueen.net/taste/682941
[서울 강북] 마요네즈 미아사거리점 신청하기,https://dinnerqueen.net/taste/682713
[서울 광진] 에스프레소바 투또톤토 신청하기,https://dinnerqueen.net/taste/683226
[서울 종로] 키테 신청하기,https://dinnerqueen.net/taste/682529
[서울 광진] 마장동고기집 건대점 신청하기,https://dinnerqueen.net/taste/682540
[서울 광진] 가마두에 신청하기,https://dinnerqueen.net/taste/683078
[서울 성북] 포야포야 신청하기,https://dinnerqueen.net/taste/683109
[서울 중구] 김삼보 제주생고기 & 김치찌개 신청하기,https://dinnerqueen.net/taste/682623
[서울 관악] 캔팩토리 본점 신청하기,https://dinnerqueen.net/taste/682627
[서울 성북] 인생소곱창 종암 신청하기,https://dinnerqueen.net/taste/682902
[서울 마포] 카페 베르 신청하기,https://dinnerqueen.net/taste/682928
[서울 노원] 하남돼지집 석계점 신청하기,https://dinnerqueen.net/taste/682967
[서울 성북] 푸른농장 신청하기,https://dinnerqueen.net/taste/682500
[서울 중구] 왕비집 육호점 구이 신청하기,https://dinnerqueen.net/taste/682288
[서울 동대문] 넛지스 북카페 신청하기,https://dinnerqueen.net/taste/682830
[서울 동작] 화탄 숯불 우대갈비 신청하기,https://dinnerqueen.net/taste/682320
[서울 중구] 해지호그 신청하기,https://dinnerqueen.net/taste/682588
[서울 광진] 참진동옛날해장국 신청하기,https://dinnerqueen.net/taste/683105
[서울 송파] 오하이요 잠실새내점 신청하기,https://dinnerqueen.net/taste/682603
[서울 구로] 99육회본가 본점 신청하기,https://dinnerqueen.net/taste/683117
[서울 용산] 용산국제회관 신청하기,https://dinnerqueen.net/taste/683126
[서울 은평] 펀스터 신청하기,https://dinnerqueen.net/taste/683146
[서울 강남] 오늘튀김 신청하기,https://dinnerqueen.net/taste/682413
[서울 서초] 안동한우곱창 양재직영점 신청하기,https://dinnerqueen.net/taste/682950
[서울 광진] 비엣포 신청하기,https://dinnerqueen.net/taste/683228
[서울 중구] 명보곱창 신청하기,https://dinnerqueen.net/taste/683490
[서울 중구] 누리옥 신청하기,https://dinnerqueen.net/taste/682984
[서울 중구] 발라닭 신당본점 신청하기,https://dinnerqueen.net/taste/683246
[서울 용산] 로우로우 버거샵 해방촌점 신청하기,https://dinnerqueen.net/taste/682237
[서울 마포] 고손수제군만두 망원 신청하기,https://dinnerqueen.net/taste/682525
[서울 중구] 낭만짬뽕 신청하기,https://dinnerqueen.net/taste/682283
[서울 성동] 돈슐랭 신청하기,https://dinnerqueen.net/taste/682798
[서울 광진] 새마을39운동포차 신청하기,https://dinnerqueen.net/taste/683096
[서울 송파] 조조모모 신청하기,https://dinnerqueen.net/taste/682597
[서울 강동] 라운지목화 길동관 신청하기,https://dinnerqueen.net/taste/683112
[서울 성동] 성수옥상 신청하기,https://dinnerqueen.net/taste/675200
[서울 송파] 유키토리 신청하기,https://dinnerqueen.net/taste/682624
[서울 중구] 을지1막 신청하기,https://dinnerqueen.net/taste/675237
[서울 성동] 옥수동묵은지김치찜 성동점 신청하기,https://dinnerqueen.net/taste/682671
[서울 용산] 상향선 신청하기,https://dinnerqueen.net/taste/682674
[서울 중구] Projec D 신청하기,https://dinnerqueen.net/taste/682677
[서울 영등포] 라라가야금스튜디오 신청하기,https://dinnerqueen.net/taste/682432
[서울 관악] 봉천동매운떡볶이 봉천본점 신청하기,https://dinnerqueen.net/taste/682180
[서울 강남] 도시맥주 강남역점 신청하기,https://dinnerqueen.net/taste/682223
[서울 강남] 술미남 논현역점 신청하기,https://dinnerqueen.net/taste/683058
[서울 강남] 역삼동참치 신청하기,https://dinnerqueen.net/taste/682309
[서울 성동] 미스타교자 용답역점 신청하기,https://dinnerqueen.net/taste/683082
[서울 중랑] 동네술집 상봉점 신청하기,https://dinnerqueen.net/taste/682319
[서울 용산] 묘우블랙 한남본점 신청하기,https://dinnerqueen.net/taste/682867
[서울 관악] 사거리퓨전포차 신청하기,https://dinnerqueen.net/taste/682872
[서울 영등포] 시경야시장 신청하기,https://dinnerqueen.net/taste/683156
[서울 영등포] 여의도 이자카야 구선 신청하기,https://dinnerqueen.net/taste/675494
[서울 성동] 구아바 신청하기,https://dinnerqueen.net/taste/682681
[서울 강남] 지안정 신청하기,https://dinnerqueen.net/taste/682689
[서울 강북] 쎄쎄 신청하기,https://dinnerqueen.net/taste/682203
[서울 마포] 이오 한우구이 스키야키 신청하기,https://dinnerqueen.net/taste/682215
[서울 중구] 공화춘 신청하기,https://dinnerqueen.net/taste/682217
[경기 용인] 갈비다 플러스 신청하기,https://dinnerqueen.net/taste/682736
[서울 중구] 장충동비비 신청하기,https://dinnerqueen.net/taste/682493
[서울 성동] 호담설렁탕 신청하기,https://dinnerqueen.net/taste/682545
[서울 강남] 청담주먹고기 신청하기,https://dinnerqueen.net/taste/682341
[서울 중구] 미리내곱창 신청하기,https://dinnerqueen.net/taste/682610
[서울 중구] 다원닭한마리빈대떡 신청하기,https://dinnerqueen.net/taste/682359
[서울 중구] 아루코루  신청하기,https://dinnerqueen.net/taste/675232
[서울 중구] 우주 신청하기,https://dinnerqueen.net/taste/675240
[서울 광진] 메이게츠 군자점 신청하기,https://dinnerqueen.net/taste/682678
[서울 마포] 유니르 신청하기,https://dinnerqueen.net/taste/682427
[서울 동작] 37.5 동작이수점 신청하기,https://dinnerqueen.net/taste/682942
[서울 성동] 둘쭈라 성수 신청하기,https://dinnerqueen.net/taste/683203
[서울 중구] 왕비집 명동중앙점 신청하기,https://dinnerqueen.net/taste/682692
[서울 강남] 숨 후카바 신청하기,https://dinnerqueen.net/taste/682694
[서울 서초] 편한술집 신청하기,https://dinnerqueen.net/taste/682703
[서울 광진] 한강뷰 파티룸 룸딩 더리버 신청하기,https://dinnerqueen.net/taste/682458
[서울 중구] 흥인동145 신청하기,https://dinnerqueen.net/taste/682983
[서울 강동] 돈사돈 강동직영점 신청하기,https://dinnerqueen.net/taste/683245
[서울 영등포] peony 신청하기,https://dinnerqueen.net/taste/683248
[서울 강서] 우대포마곡점 신청하기,https://dinnerqueen.net/taste/682239
