url,title
https://blog.naver.com/mtuo/223623643858,서울 강서 제이클레프 방화동카페 강서구카페
https://blog.naver.com/sjs190930/223617283805,"[강서]커피에 진심인 로스팅하우스 방화동카페, 제이클레프"
https://blog.naver.com/sunday_i/223571155872,제이클레프_서울강서
https://blog.naver.com/violet1395/223620349881,[서울/강서] 로스터링에 진심인 카페 <제이클레프>
https://blog.naver.com/rudalsen/223614053834,[강서] 방화동 로스팅하우스 공항시장역 카페 제이클레프 솔직후기
https://blog.naver.com/smile4u12/223618961381,강서 방화동카페 커피장인 커피맛집 제이클레프 후기
https://blog.naver.com/bjkqs921/223579003948,[서울 강서]방화동카페 제이클레프 방문 솔직후기
https://blog.naver.com/player93/223401838443,"[강서]질 좋은 원두가 있는 방화동카페""제이클레프"""
https://blog.naver.com/beenyu_u/223559577902,[서울 강서] 직접 볶은 원두를 판매하는 강서구 방화 김포공항 공항시장 ‘제이클레프’
https://blog.naver.com/sophie219_/223578513529,[서울 강서] 공항시장역 로스팅 카페 제이클레프 후기
https://blog.naver.com/yeyeyeah-/223373204443,"[카페] 강서/공항시장_제이클레프 | 원두납품 및 원두 로스팅을 직접하는 공항시장역 카페, 방화동 카페"
https://blog.naver.com/nov04_/223314963030,강서 공항시장역 로스팅 커피맛집-제이클레프
https://richcat.tistory.com/13345,유통전문판매업체 목록 : 25001-26000
https://blog.naver.com/mozozo_/223672476769,[김포공항카페 / 제이클레프] 사장님이 로스터스 챔피언십 수상자인 커피맛집
https://blog.naver.com/kyr2114/223473177067,"숨은 맛집, 제이클레프"
https://blog.naver.com/soundrain610/223540831780,"<서울 강서구, 카페 추천> 제이클레프 / 크림커피가 진짜 맛집이었던 카페"
https://blog.naver.com/gweon_gooing/223343192572,(강서)[J.clef] 소중해진 나의 동네 로스팅 하우스
https://tourbook.tistory.com/2262,서울 강남 강동 강북 강서 관악구 식품제조가공업체 리스트 ✔ 축산 수산 농산 전통식품 커피 샐러드 제빵...
https://sweetit.co.kr/2111558752,"강서구 '씨유 마곡13단지점'|달콤한여행 맛집탐방 먹고,보고,즐기고!"
https://blog.naver.com/like_foodie/223521120408,공항시장역 카페 추천 제이클레프 방화동 커피맛집 테이크아웃
https://blog.naver.com/joo_s_time/223551125089,[공항시장역] 원두에 감성까지 직접 로스팅해주는 방화동카페 제이클레프(Jclef)
https://blog.naver.com/youngs_day/223529198403,[강서방화] 로스팅커피가 맛있는 ‘제이클레프’
https://blog.naver.com/ansrud7044/223365299934,[ 강서 방화동 카페 ] 직접 로스팅하는 제이클레프
https://ilovebusiness.tistory.com/4344,유통전문판매업체 주소록 : 서울특별시 4
https://blog.naver.com/3040st/223656424363,"강서 마곡역 오마카세 맛집 ""우미마토"" 코스요리 맛집"
https://blog.naver.com/onearth_j3/223495055414,[강서]우미마토 feat. 피크닉 도시락 맛집
https://blog.naver.com/sennyseviyorum/223539893229,[서울 강서]서울식물원 피크닉도시락맛집 우미마토
https://blog.naver.com/mytaste_c/223674564622,강서 마곡 오마카세 우미마토 찐맛집 추천 내돈내산 후기
https://blog.naver.com/jjinho-/223641401736,서울 강서 가성비 오마카세 맛집 우미마토에서 고급 코스요리 즐겨보세요
https://blog.naver.com/noxanne/223026085826,강서 마곡 우미마토 캐주얼한 오마카세 스타일 일식 내돈내산 리뷰
https://blog.naver.com/dlalswn55555/223461726130,[강서 | 마곡] 마곡초밥맛집 : 우미마토 : 마곡 오마카세
https://blog.naver.com/hye_minyyy/223489293838,"강서, 마곡 내돈내산 가성비 스시 오마카세 우미마토 솔직 후기"
https://blog.naver.com/rabbit-s_daily/223533459905,[서울 강서] 마곡 가성비 오마카세 맛집 '우미마토'
https://blog.naver.com/soragakire/223575108207,[서울/강서] 마곡 발산 서울 가성비 오마카세 맛집 발산 우미마토
https://blog.naver.com/lmml4003/223464001328,[강서/마곡] 서울 오마카세 우미마토 | 내돈내산 | 가성비 갑 오마카세 우미카세
https://blog.naver.com/nominjeong/223600746431,[서울/강서] 마곡 점심맛집 서울 오마카세 우미마토
https://blog.naver.com/jennifer8541/223380287807,강서 마곡 맛집 발산역 술집 가성비 오마카페 우미마토 코스요리
https://blog.naver.com/wlsdnjs5031/223652847610,서울 가성비 넘치는 오마카세를 즐길수가 있는곳 마곡 강서 스시 오마카세 맛집
https://blog.naver.com/yhym02/223583236373,"강서 마곡 가성비 오마카세 식당 <우미마토> 내돈내산 후기, 가격"
https://blog.naver.com/aki_sue/223215596586,강서구 마곡동 맛집 뿌시기 | 우미마토 오마카세
https://blog.naver.com/firebear_r/223357637608,가성비 오마카세를 즐길 수 있는 우미마토! 마곡 맛집 발산역 술집 모두 한번에 쌉가능!!
https://blog.naver.com/bblog92/223209704086,"[강서/마곡] 우미마토, 모듬회에서 초밥, 후식까지 3만원대로 즐길 수 있는 마곡 초밥 맛집"
https://blog.naver.com/kimtrue_com/223663384731,서울오마카세맛집 서울식물원 데이트 후에 딱좋은 우미마토
https://blog.naver.com/cook2766/223027170141,강서 마곡 초밥 오마카세 우미마토
https://blog.naver.com/semihana/223623995750,[서울/강서(마곡)] 서울 오마카세 우미마토
https://blog.naver.com/merry_moni/223290753822,서울 강서 마곡 맛집 :: 우미마토 l 3만원대 가성비 오마카세
https://blog.naver.com/ttimbakjil/222780641315,꿀가성비 스시♬ 서울 마곡 오마카세 맛집 마곡 우미마토 초밥 숙성회
https://blog.naver.com/juhun000/222319950841,[발산] 우미마토 - 마곡스시
https://blog.naver.com/loveisyouand/223427180059,증미역 디저트 카페 키릴 / 서울역 서울 계란 케이크 / 마곡나루 중식 요리 주점 잔잔하오
https://blog.naver.com/rkdmf1919/223545792659,마곡역 가성비 맛집 우미마토 초밥 오마카세 데이트 추천
https://blog.naver.com/geeyeonl/223005900392,[맛집/강서] 마곡역오마카세 합리적인 가격에 제대로 즐긴 후기 - 마곡역초밥 ‘’
https://blog.naver.com/redpwind/223567161311,[마곡초밥맛집] 우미마토 가성비 오마카세로 유명한데 포장도 가능하네!
https://blog.naver.com/fanyfunny17/222980102513,"강서,마곡 맛집 ""우미마토"" 가성비 최고의 오마카세/ 강력 추천하는 이유!"
https://blog.naver.com/jiniharooo/223595287816,서울 가성비 좋은 오마카세 일식 우미마토 후기 오마카세 마곡 데이트 맛집 추천
https://blog.naver.com/b5hee/223613800867,발산역 점심 맛있는 우미마토 스시 포장했어요!
https://blog.naver.com/yamyam121212/223491342516,마곡 초밥포장 맛집 우미마토 스시 테이크아웃 추천
https://blog.naver.com/ramp5115/223612510247,마곡 발산 가성비 오마카세맛집 우미마토 숙성회 초밥 맛집
https://blog.naver.com/yangsooniee/223561236174,서울 강서구 마곡 가성비 오마카세 맛집 추천 ‘서울 오마카세 우미마토’
https://blog.naver.com/kjykth16/223610657361,[맛집/마곡] 갓성비 오마카세 '우미마토'
https://blog.naver.com/kkangjjang0511/223635941693,가성비 좋은 스시가 있는 서울 오마카세 우미마토
https://blog.naver.com/crcmcd/223394045155,발산역 초밥 맛집 우미마토 / 가성비 좋은 오마카세
https://blog.naver.com/puredoden/223518782130,강서구 마곡초밥포장맛집 오마카세 고급도시락 우미카세
https://blog.naver.com/byong021369/223314697636,"우미마토 :: 마곡 오마카세, 마곡 초밥"
https://blog.naver.com/dumduma/223550311709,마곡역초밥맛집 - 이구역 초밥광인의 [ 우미마토 ] 총정리 #오마카세 #벤또 #메뉴추천
https://blog.naver.com/avarabo/223483748302,서울식물원 발산맛집 마곡 스시오마카세 가성비 초밥벤또 포장 | 서울 오마카세 맛집
https://blog.naver.com/lucykong_/223542672962,[리뷰]벤토가 맛있는 <우미마토>ㅣ마곡 맛집ㅣ발산 마곡 오마카세
https://blog.naver.com/dkekemtgo/223578448996,서울 마곡 발산 갓성비 오마카세[우미마토] 솔직 후기
https://blog.naver.com/ann02_/223437884980,[맛집] 마곡 가성비 오마카세 우미마토
https://blog.naver.com/atraxia123/223362989938,발산 맛집/ 발산 초밥/ 오마카세/ 우미마토
https://blog.naver.com/xxchocoxx/223180534839,ㅣ마곡맛집ㅣ마곡 오마카세 '우미마토'
https://blog.naver.com/ang_ggu_/223323447707,마곡 맛집 우미마토 - 데이트 식당 추천
https://blog.naver.com/mmmghj/223039381764,마곡 오마카세 가성비 넘버원 우미마토
https://blog.naver.com/masca1391/223200825973,[마곡맛집] 35000원 오마카세 가성비갑 일식맛집 우미마토
https://blog.naver.com/s__ui-n/223318777147,마곡 맛집 발산역 술집 부담 없이 즐길 수 있는 오마카세 마곡의 축복 우미마토
https://blog.naver.com/cosney/223364395920,"[마곡 / 발산] 우미마토 :: 35,000원 가성비 오마카세 솔직후기"
https://blog.naver.com/camel0g/223085412710,"[마곡,발산 맛집] 가성비 오마카세 우미마토! 오마카세 코스가 35000원!"
https://blog.naver.com/miminara/223213888796,[우미마토] 발산역 맛집 / 발산역 오마카세 / 가성비 좋고 힙한 분위기 오마카세
https://blog.naver.com/bcurl/222990707273,발산 오마카세 우미마토 마곡맛집 후기
https://blog.naver.com/delusion01/222533395829,"[스시] 강서,마곡 - 우미마토 “테이크아웃 스시오마카세”"
https://blog.naver.com/2daery/223114976444,서울 가성비 오마카세 우미마토 마곡맛집 예약 주차 생일 서비스까지 대만족!
https://blog.naver.com/suyeonri/222582672276,"마곡오마카세 : 우미마토, 가성비 좋은 사시미 테이크아웃 후기"
https://blog.naver.com/xiaonana1124/223328488950,강서 오마카세 맛집 우미마토
https://blog.naver.com/godnabi/222400514078,마곡맛집 우미마토 가성비 좋은 스시오마카세 먹으러 고고
https://blog.naver.com/bonny_y/223455756979,3rd wedding anniversary♀️♥️결혼기념일 3주년 데이트 with 벚꽃(가성비 오마카세 ‘’...
https://blog.naver.com/mk345/223402244273,[서울/강서] 마곡 맛있는 브런치 카페 <브런치나인>
https://blog.naver.com/gnxjri/223655783434,"서울 강서구 브런치카페 ‘강서 브런치 나인’ 후기(프렌치 토스트, 초코 프라페 라떼, 복숭아 블랙티 에이드)"
https://blog.naver.com/luna_l_ee/223505763849,강서] 골라먹는 재미가 있는 마곡 브런치 카페 '브런치나인'
https://blog.naver.com/millionaire_room/223125516667,마곡동 브런치 하기 좋은 곳 강서 브런치나인
https://blog.naver.com/mimi5135/223642491721,[강서] 브런치나인 :: 마곡 브런치 카페
https://blog.naver.com/lovelya0215/223408776680,서울/강서:) 브런치가 생각날 때 '브런치 나인'
https://blog.naver.com/dlalswn55555/223456590952,[강서|마곡] 마곡 브런치 카페 : 브런치나인 : 리조또 & 커피맛집
https://blog.naver.com/helen973/223538579241,[리뷰] 마곡 브런치 맛집 브런치나인 / 강서에도 브런치 맛집이?
https://blog.naver.com/beautyassi/223564992327,"[서울강서] 마곡역 브런치 맛집, 브런치나인에서 즐기는 브런치탐방"
https://blog.naver.com/foodyjerry/223616602115,"[서울 강서] 마곡동 브런치나인, 마곡역 양식 프렌치 토스트 브런치 맛집 추천"
https://blog.naver.com/leedomu/223215969802,마곡역브런치를 찾으신다면? 서울강서 브런치 나인 소개해요
https://blog.naver.com/mingna217/223658325391,[맛집] 마곡 브런치나인 | 다양한 메뉴를 여유있게 즐기는 강서 맛집 | 카페 추천
https://blog.naver.com/designerchae/223645132631,[서울/강서]마곡 브런치나인 브런치 카페 브런치 나인
https://blog.naver.com/kiku3082/223428839586,서울 강서 ㅣ 브런치나인 마곡 브런치 마곡 점심맛집 마곡찐맛집 마곡카페추천 마곡토스트
https://blog.naver.com/smile_ppj/223664302853,마곡 발산 브런치 맛집 | 브런치나인 - 프렌치토스트 맛집
https://blog.naver.com/wjdrudns17/223076377899,[마곡브런치맛집]강서구브런치맛집/마곡브런치/발산브런치맛집/Brunch9/브런치나인 마곡점
https://blog.naver.com/e-ryang/223555493780,[서울/강서] 마곡 발산 브런치 : 브런치 나인
https://blog.naver.com/3040st/223429119131,"마곡역 ""브런치 나인"" 매력적인 맛의 프렌치토스트 브런치 맛집"
https://blog.naver.com/78joonmom/223136462748,[강서 마곡동 브런치 맛집] 브런치나인 마곡역4번출구
https://blog.naver.com/yediz/223223829564,"[강서/마곡] 마곡동 브런치 맛집 추천, 브런치 나인"
https://blog.naver.com/rlagusro2810/223418751819,"[서울강서/마곡역] 분위기 좋은 마곡 브런치 맛집 ""브런치 나인"" 메뉴추천, 가는 법"
https://blog.naver.com/whguswud/223171568955,[강서맛집]고급스러운 맛!마곡동브런치나인!
https://blog.naver.com/hyd3448/223272109188,서울 강서 마곡 브런치맛집 ‘브런치나인’ 메뉴추천
https://blog.naver.com/sossoroom/223463503958,강서마곡 분위기 좋은 브런치카페 : 브런치나인
https://blog.naver.com/happyendingismine0_0/223159962633,"마곡역 브런치 먹어보기, 일요일은 브런치나인에서"
https://blog.naver.com/hy_2022/223604752421,마곡 브런치 맛집 브런치나인 야외테라스 브런치
https://blog.naver.com/skysunhome/223159895356,브런치나인 강서마곡점 내돈내산 솔직후기
https://blog.naver.com/yennyistraveling/223346291039,[마곡역 브런치카체] 브런치나인 마곡점(맥주/와인/커피/ 브런치 한번에 이용가능한곳)
https://blog.naver.com/hongmerald/223551097849,[강서/마곡] 브런치나인| 마곡 브런치 맛집| 분위기 맛집| 데이트코스 추천
https://blog.naver.com/subiaco09/223242137609,마곡역 브런치 맛집 브런치나인 수제함박스테이크
https://blog.naver.com/ohserendipity/223383348084,[마곡역 브런치 카페] 프렌치토스트 맛집 '브런치나인'
https://blog.naver.com/noxanne/223218151825,테라스석이 있는 마곡 브런치 브런치나인 방문후기
https://blog.naver.com/tmtkdtmtkd/223165531262,"분위기 좋은 마곡역 브런치 카페, 브런치나인"
https://blog.naver.com/golden_ticket_21/223125997876,[서울/마곡] 마곡동 브런치생각날때 브런치나인
https://blog.naver.com/hwbaragi/223157753870,마곡역 브런치 : 건강한 슬로푸드 '브런치나인'
https://blog.naver.com/whitehot3817/223173644239,홈메이드 스타일의 마곡역 브런치 맛집 브런치나인
https://blog.naver.com/dbtlsgus/223052141379,[마곡 브런치] 종류 엄청 많은 새로 생긴 브런치나인
https://blog.naver.com/1004interview/223644997143,【맛 인터뷰】 마곡역 브런치 먹기 좋은 곳 브런치 나인
https://blog.naver.com/ckbe0214/223665468399,마곡브런치맛집 브런치나인 목살스테이크 김치 오믈렛 필라프 먹고 온 후기
https://blog.naver.com/y107ygm/223312862461,[서울 강서] 마곡동 브런치 데이트는 브런치나인이 정답
https://blog.naver.com/malangden/223671200592,"마곡 브런치 맛집 ""브런치나인"" / 메뉴, 맛, 주차"
https://blog.naver.com/yangyuhyeon77/223508921354,발산역 인생 브런치 카페 [브런치 나인]
https://blog.naver.com/mangwondaek_in_mapo/223674302171,"마곡브런치카페 브런치나인 방문 후기 : 듀록 목살스테이크, 베이컨 크림 리조또, 아아메 맛집"
https://blog.naver.com/b5hee/223555734649,마곡 브런치 브런치나인 듀록 목살스테이크 맛있어요~
https://blog.naver.com/2281399/223567821699,"마곡역 브런치 마곡동 양식 단골맛집~ ""브런치나인"""
https://blog.naver.com/bmj2002bmj/223324598457,마곡역 브런치_브런치나인_다양하고 맛있는 메뉴 가득!!
https://blog.naver.com/seolheechu/223671989320,"마곡,발산 | 강서구 분위기 좋은 브런치 카페 [브런치나인]"
https://blog.naver.com/edjeong3124/223663129980,마곡역 발산역 근처 브런치 카페 브런치나인 후기 데이트 주차공간
https://blog.naver.com/mint623/223664083997,[마곡 브런치] 다양한 메뉴와 음료가 있는 마곡 브런치 카페 _브런치나인
https://blog.naver.com/jjunloves/223526612075,마곡역 브런치 [브런치나인]은 기성품이 아닌 수제 슬로우 푸드 맛집 인정
https://blog.naver.com/j_______niii/223673237837,마곡역 브런치 카페 브런치나인 발산 마곡 분위기 맛집 추천
https://blog.naver.com/kes77777/223621003198,마곡역 브런치 카페 브런치나인
https://blog.naver.com/yamyam121212/223057286305,"[마곡 브런치] 마곡 새로생긴 브런치맛집 브런치나인(메뉴, 후기)"
https://blog.naver.com/pupcatx/223667248545,마곡동 브런치 맛집 [브런치나인] 에서 프렌치 토스트 즐기기
https://blog.naver.com/goodatplayingalone/223674461210,마곡동 브런치 맛집 브런치나인에서 프렌치 토스트 뿌시기
https://blog.naver.com/jxhxxn_iyu/223537349166,[서울/강서구] 마곡역 브런치 식사는 '브런치나인' 서울식목원 데이트 후 가기 좋아요
https://blog.naver.com/geuriii/223672583683,마곡역 데이트 브런치 맛집 <브런치나인>
https://blog.naver.com/raheely/223637454742,마곡역 브런치 | 브런치나인
https://blog.naver.com/itsbriquet/223437860196,마곡동 브런치 맛집 '브런치나인' 후기
https://blog.naver.com/smg0315/223635202337,마곡역 / 발산역 | 프렌치토스트와 소세지가 맛있는 마곡역 카페 마곡 브런치 []
https://blog.naver.com/paem103/223657110689,가성비 좋은 강서맛집 마곡나루삼겹살을 찾는다면 마곡돼지집
https://blog.naver.com/alchohol_beard/223659289941,[강서/마곡나루 마곡돼지집] 마곡삼겹살 맛집 추천(with 소주)
https://blog.naver.com/jiso_n/223667699123,마곡나루역 맛집 마곡돼지집 삼겹살 오겹살 소주 맥주 3천원대 마곡나루역 한식맛집
https://blog.naver.com/jiji0516/223667745899,마곡나루삼겹살 회식장소로 좋은 마곡돼지집 다녀왔어요
https://blog.naver.com/kyr2114/223659864575,"마곡 삼겹살 맛집, 마곡돼지집"
https://blog.naver.com/dpfls228/223650716610,마곡나루맛집 마곡나루역 신상 삼겹살 맛집 마곡돼지집
https://blog.naver.com/rwd1588/223675488143,[마곡 / 서울돼지집] 발산역 근처 구워주는 가성비 최고 마곡동 삼겹살 찐맛집 추천 100% 재방문
https://blog.naver.com/winwinpms34/223667779261,마곡삼겹살 마곡돼지집
https://blog.naver.com/fkdlqm501/223332084925,"[강서/마곡] 가성비 좋고 넓은 마곡 삼겹살 맛집 추천, 서울돼지집"
https://blog.naver.com/109hyejin/223161916805,[강서/마곡]하남돼지집 ; 고기구워주는 집 회식장소로 강추
https://blog.naver.com/63981/223110134204,강서 - 젊은돼지집(화곡역맛집)
https://blog.naver.com/ssingmaster/223398152659,[서울 강서 마곡 맛집] 서울돼지집| 초벌삼겹살 단돈1만원
https://blog.naver.com/sk5816/222291862884,강서 마곡 발산역 화끈한 돼지집 본점 후기 - 서울 식물원 근처 삼겹살 맛집 추천
https://blog.naver.com/ye_106/223203791629,"[강서/마곡] 삼겹살과 목살이 너~무 맛있는 마곡 고기집 추천, 서울돼지집 마곡 (feat. 인생 목살 맛집)"
https://blog.naver.com/wolfin/223284529119,화곡역 맛집 삼겹살 한상 고기집 젊은돼지집
https://blog.naver.com/whitesooook/223304685757,[서울 강서] 발산 마곡 회식하기 좋은 삼겹살 맛집 서울돼지집 추천드려요
https://blog.naver.com/ji_suecream/223174803814,서울돼지집 - 강서 마곡 발산역 고기 맛집
https://blog.naver.com/sun_ziwon/223336304382,[강서고기맛집] 마곡에서 삼겹살을 먹는다면! 서울돼지집!
https://elwlsek.tistory.com/2475,2022년 네비 목적지로 많이 찾은 음식점 순위는?(빅데이터)
https://blog.naver.com/sunny_today28/223564957823,[서울/강서] 발산•마곡 구워주는 가성비 고기집 ‘ 서울돼지집 ’
https://blog.naver.com/suhaaa_/223264227628,강서 마곡/발산역 맛집 :: 고기집으로 유명 + 돼지두루치기까지 맛있는 오래된 로컬 맛집 발산동
https://blog.naver.com/soxyso/223355721231,강서/마곡) 서울돼지집 내돈내산 솔직후기
https://blog.naver.com/n5sang/223255184325,"서울/강서, 서울돼지집, 1인분에 만원 삼겹살, 가성비는 인정, 마곡 삼겹살, 발산 삼겹살, 발산역 삼겹살..."
https://blog.naver.com/essie_essie/223240844009,[마곡/ 발산 저녁 회식 추천] 고기부터 야채까지 싹다구워주는 육질보장 맛집 '하남 발산점'
https://blog.naver.com/pizzazoa1004/223342445826,"마곡삼겹살맛집 ㅣ 육즙이 풍부한 마곡고기맛집, 서울돼지집 추천드려요"
https://blog.naver.com/bolleyou/223225599072,마곡 고기집 발산역 저온숙성 숯불 삼겹살맛집 직접 구워주는 서울돼지집 (+ 회식 단체모임 장소추천)
https://blog.naver.com/ysyb321/223386041594,[강서맛집] 발산역 가성비 삼겹살 맛집 후기 서울돼지집
https://blog.naver.com/qlfk1/223604322785,[강서] 초벌실에서 초벌 해서 나가는 마곡역 돼지 고깃집/ 구워주는 고깃집 / 마곡역 맛집 추천 / 일념 돼지
https://blog.naver.com/freddy___/223317527603,발산 마곡 고기 맛집 서울돼지집 삼겹살 1인분 가격 만원
https://blog.naver.com/kkjcoopy/223199976528,[발산역맛집]마곡맛집 서울돼지집 삼겹살맛집 돼지고기맛집 방문후기
https://blog.naver.com/jjh30417/223249473138,화곡역 맛집 젊은돼지집 : 외식하기 좋은 두툼한 고기집
https://blog.naver.com/dldkdl92/222277236119,마곡발산 삼겹살 맛집 화끈한 돼지집 내돈내산 찐후기 :)
https://blog.naver.com/yoongee_nam/223137856412,[강서/마곡] 금고깃집 - 금돼지 맛집 / 마곡맛집 / 발산맛집
https://blog.naver.com/lilianecosta/223442763843,"서울 강서구 서울돼지집 마곡점, 영업시간, 가격, 리뷰"
https://blog.naver.com/0328shj/223243884433,[하남돼지집 발산점]쫄깃쫄깃하게 고기구워주고 서비스까지 잔뜩주는 푸짐하고 정많은 식당 | 진짜...
https://blog.naver.com/lilacleeee/222307799635,고기 먹고 싶을 때는 하남돼지집이 최고! [마곡맛집 / 마곡 하남돼지집 / 마곡역맛집 / 발산동맛집 / 구맛집]
https://blog.naver.com/pichu86/223252521380,발산역고기집 하남돼지집 발산점
https://blog.naver.com/yjc13/222678444936,[마곡] 도야지 - 강서에서 가장 핫한 돼지고기 부속구이
https://blog.naver.com/eunju4351/222819111925,"답프로포즈 대작전 (강서/발산/마곡 공간대여, 브라이덜샤워 대관, 프로포즈 대관, 회의 대관 모두 가능한..."
https://blog.naver.com/bravolife_thanos/222683564426,"강서구, 마곡, 우장산 맛집 소개 및 정리(강서맛집, 마곡맛집, 우장산맛집)_version1"
https://blog.naver.com/gyo1118/222910927078,"마곡 삼겹살, 발산역 맛집 금고깃집 마곡본점"
https://blog.naver.com/doyeonkim94/223034581292,[발산역고기집/탐라팩토리] 네이버예약 가능한 구워주는 마곡고기집 마곡회식장소 추천
https://blog.naver.com/kim_hmkim/222774862755,하남돼지집 발산점
https://blog.naver.com/asas2603/222517345998,마곡발산 김건욱횟집 점심 저녁으로 최고 포항물회맛집
https://blog.naver.com/yh1009hy/222835927841,서울 은평 북한산 계곡 식당 : ) 삼천리골 돼지집
https://blog.naver.com/kbp0028/222875363548,1++ 한우 전문점 '일편등심 마곡나루' :: 전 좌석 룸이라 마곡나루 회식 / 마곡 가족 모임 장소로 추천해요
https://blog.naver.com/924_7942/223570230661,한여름의 먹일기
https://blog.naver.com/myeong8128/223281546268,[발산역 고기집] 금고깃집 발산직영점 금돼지 본삼겹 / 눈꽃 목살 후기 (feat. 발산역맛집 / 콜키지 1병 프리)
https://blog.naver.com/wjdqudtjs01/223674173483,"→▶[세상의 모든 온돌침대As]♥♥ 슈퍼푸드 1위,김치의 6대효과는 무엇인가?"
https://blog.naver.com/ehp1006/222375694139,마곡동 - 금고깃집 바른고기
https://blog.naver.com/b18121812/223167186253,7월 일상-3
https://blog.naver.com/th031004/222324268566,양고기 먹으러 <양고기전문점> 징기스 강서구청점 방문! 내먹 솔직 후기
https://blog.naver.com/artmomags/222575836655,"책미술, 동화방문미술, 스토리텔링 아기돼지삼형제 강서구방문미술"
https://blog.naver.com/yasa68/223635890056,영상 목록
https://blog.naver.com/lecos/223556240836,◆ 넷꾼공지 2024-08-22(목)
https://blog.naver.com/hi_hyxxn/222626902898,[강서구*맛집] 나만 알고 싶은 레전드 제주식 생고기집 :: 제주 연탄면돼지리
https://blog.naver.com/uriagijagi/222349790824,"[발산] 삼겹살 맛있게 구워주시는 ""하남돼지"""
https://blog.naver.com/eunsoo3033/222570428105,[역세권 청년주택] 발산역 청년주택 (feat.주변답사)
https://blog.naver.com/wowgirl815/222975883893,검단신도시 맛집 음식점 총괄 리스트!오픈예정 술집 포함
https://blog.naver.com/okhi0415/223283086559,→▶[한국 모든 온돌침대AS] ♥♥ 돼지농장 매출이 년 600억원 이곳은 어디?
https://blog.naver.com/latteforever/223672506359,[서울/강서] 왕돈까스&우동 가성비 좋은 화곡동맛집 ‘한신우동 강서구청점’
https://blog.naver.com/happy__ilsang/223643623197,[강서구청 맛집] 소주 한 잔 부르는 #한신우동강서구청점 (2.7만원으로 3명이서 배터지게 먹은 날)
https://blog.naver.com/topmoment/223627509869,강서 화곡동맛집 한신우동 강서구청점
https://blog.naver.com/llkn/223534677802,강서구청 [한신우동 강서구청점] 화곡동 우동맛집 추천
https://blog.naver.com/mint7939/223491338261,[강서구청 맛집] 한신우동 강서구청점
https://blog.naver.com/misong5229/223532322023,[화곡동 강서구청 맛집] 포차 감성 가득한 가성비 2차 술집 / 한신우동 강서구청점
https://blog.naver.com/yoouun_/223533467714,화곡동맛집 한신우동 강서구청점 강서구청맛집 대왕돈까스맛집
https://blog.naver.com/black8815/223496540004,화곡동 맛집 얼큰우동 왕돈까스 강서구청 술집 한신우동 강서구청점
https://blog.naver.com/yymmzz/223423030988,"[화곡동]강서구청 근처 맛집, 한신우동 강서구청점"
https://blog.naver.com/jeongseongcouple/223649308603,"[강서] 갑자기 너무 춥다 '한신우동' 앞으로 강서구청점(즉석우동, 매운돈까스, 새우튀김 솔직 후기!)"
https://blog.naver.com/naebazzi/223643364247,화곡동술집 한신우동 강서구청점 술한잔에 국물 한입하고싶을 때
https://blog.naver.com/qkrdptmf97/223492760291,"[화곡동 강서구청 술집] 추억의 포장마차 맛집, 한신우동 강서구청점"
https://blog.naver.com/polpek/223646778858,한신우동 강서구청점 :: 옛날우동이 생각나신다면 한신우동으로
https://blog.naver.com/rlagusro2810/223446065421,"[서울강서구/강서구청] 밤늦게까지 하는 화곡동우동 맛집 추천 ""한신우동 강서구청점"" 메뉴추천"
https://blog.naver.com/rytmq96/223512464462,강서구청 화곡동술집 한신우동 강서구청점 생면우동 새우튀김
https://blog.naver.com/haebazzi/223463581255,강서구청 뜨끈한 국물이 생각날 때 [한신우동] 강서구청점 후기
https://blog.naver.com/jinja1992/223412991650,가성비 좋은 화곡동돈까스 강서우동 한신우동 강서구청점
https://blog.naver.com/iamtina-/223451807001,"[강서] 우동에 소주 한잔, 돈까스에 맥주 한잔 화곡동맛집 한신우동 강서구청점"
https://blog.naver.com/jumsuk0521/223413388684,화곡동맛집 한신우동 강서구청점 강서구청 맛집
https://blog.naver.com/bara8_8/223491374505,헛개수로 시작한 한신우동 강서구청점에서 화곡동돈까스 제대로 먹고 고된하루 해장됨
https://blog.naver.com/poll9155/223636365588,화곡동맛집 튀김요리가 끝장나는 한신우동 강서구청점
https://blog.naver.com/ironjooo/223498300903,화곡동 맛집 - 한신우동 강서구청점
https://blog.naver.com/dbaljo/223499387062,화곡동 맛집 한신우동 강서구청점 화곡동우동 추천
https://blog.naver.com/lii0111/223498425225,화곡동 맛집/술집 한신우동 강서구청점
https://blog.naver.com/kyk9188/223475345257,찐으로 인정하는 화곡동 맛집 / 한신우동 강서구청점
https://blog.naver.com/purplebora1018/223442816252,화곡동우동 한신우동 강서구청점
https://blog.naver.com/yoridia/223530018159,"화곡맛집 한신우동 강서구청점, 매운 즉석우동과 매운 왕돈까스 해장하기:)"
https://blog.naver.com/baba_0224/223504566195,[한신우동.강서구청점] 주문 즉시 바로 뽑은 생면으로 만든 화곡동우동 맛집 (내돈내산)
https://blog.naver.com/glass1201/223479012434,[화곡동 맛집] 옛날 포장마차 맛 즉석우동/왕돈까스 맛집 한신우동 강서구청점
https://blog.naver.com/kang_lizzy/223413424489,화곡동 우동 맛집 _한신우동 강서구청점
https://blog.naver.com/dbd5ri/223488501600,화곡동 맛집 한신우동 강서구청점
https://blog.naver.com/bae_cchuu/223468629164,"[화곡동 술집] 칼칼한 우동 맛집 '한신우동 강서구청점' (어묵우동, 김치 왕만두)"
https://blog.naver.com/qliuuilp/223489692967,화곡동 술집 맛집 한신우동 강서구청점 돈까스 우동 진로제로슈거 후기
https://blog.naver.com/ysyb321/223489101746,[화곡동맛집] 노포분위기 우동맛집 한신우동 강서구청점
https://blog.naver.com/tlatla_/223511520796,화곡동 맛집 비빔우동 돈까스 한신우동 강서구청점
https://blog.naver.com/y107ygm/223447770647,화곡동돈까스 우동 매운맛이 끝내주는 한신우동 강서구청점
https://blog.naver.com/sjh10v2/223491305924,강서구 화곡동 어묵우동 왕돈까스 맛집 한신 즉석 우동 강서구청점
https://blog.naver.com/tnwjd_07/223419220729,가성비 술집 화곡동 술집 한신우동 강서구청점
https://blog.naver.com/jet1113/223422444240,"화곡동술집 우동의 진수를 만나다 고소한 튀김만두까지 맛의 향연이 가득한 """" 찐 후기"
https://blog.naver.com/letmebee12/223468784296,"서울 강서구 한신우동 강서구청점, 영업시간, 가격, 후기"
https://blog.naver.com/dreamingview/223423734884,[화곡동 술집] 한신우동 강서구청점에서 매콤우동으로 2차! 돈까스와 만두도 있다!
https://blog.naver.com/feel7454/223530134647,뜨근하게 넘어가는 강서우동 맛집 한신우동에서 소주한잔 어떠세요?
https://blog.naver.com/hi2392/223421951878,화곡동맛집ㅣ강서구청 돈까스 한신우동
https://blog.naver.com/dduni_33/223491323550,"[화곡동 맛집] 얼큰한 우동에 소주 한 잔, 한신우동 방문기"
https://blog.naver.com/normalpalate/223431154618,[한신우동] 화곡동 우동 강서구청 맛집
https://blog.naver.com/travelmatzip/223443717623,강서구청맛집 즉석우동이 맛있는 한신우동
https://blog.naver.com/chariel0408/223470014503,화곡동 술집 돈까스 맛집 한신우동 후기
https://blog.naver.com/pyr5267/223421200073,한신우동 강서구청 노포 포장마차 술집 화곡동우동 돈까스 맛집
https://blog.naver.com/kig0718/223417100729,화곡동돈까스 한신우동 강서구청술집
https://blog.naver.com/eunhair_/223481370760,화곡동 맛집 강서구청 술집 돈까스 추천 가성비 갑 한신우동
https://blog.naver.com/choi-serati/223427805533,[한신우동]새벽까지 바로 뽑은 생면 우동과 왕돈까스를 가성비 좋게 즐길 수 있는 맛집 추천
https://blog.naver.com/jh_2612/223361015060,[강서구청 맛집] 한신우동
https://blog.naver.com/jeojw9477/222726158314,"[가양역/강서구청]미아리우동집 강서구청점_강서구청 혼밥 맛집, 아따 가성비 좋다 좋아!"
https://dreamermemory.tistory.com/74,필라테스 위치정보
https://blog.naver.com/hankyuldata/222221773489,2020년 7월 신규업소 자료
https://blog.naver.com/taxandtalk/222930243621,전국 음식점업
https://blog.naver.com/bookbonexx/223523690209,즉석우동 왕돈까스 매운맛 분식맛집 한신우동 강서구청점
https://blog.naver.com/im_solucky_/223648338685,[강서/발산] 열정국밥 발산역점
https://blog.naver.com/yediz/223572259755,[강서/발산] 마곡 해장국집 추천 “열정국밥 발산역점”
https://blog.naver.com/patrickstar45/223607592776,[서울/강서] 든든한 국밥 한그릇 열정국밥 발산역점
https://blog.naver.com/luvkell/223588956677,발산점심 해장국 먹으러 열정국밥 발산역점
https://blog.naver.com/candytop100/223671152925,마곡 점심 고민이라면 열정국밥 발산역점 강추
https://blog.naver.com/yashicakid/223577109809,마곡 해장국 - 열정국밥 발산역점
https://blog.naver.com/jangbi1234/223663147921,마곡 해장국 한그릇 하고 온 열정국밥 발산역점
https://blog.naver.com/wnsghk856/223667537655,발산 점심 가성비 마곡 국밥 맛집 열정국밥 발산역점
https://blog.naver.com/fkawnldhkd/223592849935,발산 점심맛집 열정국밥 발산역점
https://blog.naver.com/alchohol_beard/223580831220,"[강서/발산] 마곡해장국, 발산역국밥 맛집! 열정국밥 발산역점과 함께 하는 음주생활(with 소주)"
https://blog.naver.com/chandnijo/223578278509,발산 국밥 맛집 열정국밥 발산역점 점심 방문 후기
https://blog.naver.com/olurak/223591277210,메가박스 근처 점심 마곡순대국 한식 | 열정국밥 발산역점(주차 가능)
https://blog.naver.com/tiamobear/223608095544,발산 점심 열정국밥 발산역점 솔직후기
https://blog.naver.com/seflower_/223630926102,발산 점심 맛집! 열정국밥 발산역점 다녀온 후기
https://blog.naver.com/understandd/223643916911,발산 점심 맛집 열정국밥 발산역점
https://blog.naver.com/hoisulhi/223625087034,"[마곡/국밥] 발산역국밥, 발산역점심 먹으러 열정국밥 발산역점"
https://blog.naver.com/geeyeonl/223612869847,마곡국밥 발산역국밥 열정가득 맛도 일품! 열정국밥 발산역점
https://blog.naver.com/seoinyoung/223631019947,강서 발산역 열정국밥 / 발산역 순대국밥 맛집
https://blog.naver.com/gobojago7/223600040011,발산 점심 열정국밥 발산역점
https://blog.naver.com/happyendingismine0_0/223665361368,마곡 해장국 전문점 열정국밥에서 점심 먹고 왔어요
https://blog.naver.com/van2bam/223621381336,발산24시 영업하는 마곡 해장국 맛집 열정국밥 1인 부대찌개 먹고 온 후기
https://blog.naver.com/bienao/223635871342,발산 마곡 맛집 점심으로 해장으로도 좋은 열정국밥
https://blog.naver.com/joostar01/223605827936,발산 점심 열정국밥 발산점 마곡 해장국이 맛있는 회식장소 추천
https://blog.naver.com/ironjooo/223620814474,마곡 해장국 맛집 - 열정국밥 발산역점
https://blog.naver.com/sehee0242/223628618878,마곡 해장국 맛집 열정국밥 발산역점
https://blog.naver.com/tlsdud1514/223601498502,"소주 1,900원 마곡회식 마곡국밥 열정국밥 발산역점"
https://blog.naver.com/bora097214/223669330809,마곡 해장국 열정국밥 발산역점 발산24시 해장국
https://blog.naver.com/anjinny_/223632890352,발산 점심먹기 좋은곳 : 열정국밥 발산역점
https://blog.naver.com/nubha/223660212377,발산 24시 마곡 해장국 맛있는 발산 순대국 추천 열정국밥 발산역점
https://blog.naver.com/dbfl_0418/223660887636,강서구 마곡 발산 한식 맛집 추천 : 열정국밥 발산역점
https://blog.naver.com/jjinsalagn/223603664122,마곡 해장국 점심 맛집 열정국밥 발산역점
https://blog.naver.com/turuty/223673021034,마곡 해장국 든든한 한끼 열정국밥
https://blog.naver.com/pink__fantasy/223618813923,"발산 점심 추천, 열정국밥 발산역점"
https://blog.naver.com/hi_3mom/223674384981,발산 점심 24시 운영하는 열정국밥 발산역점 후기
https://blog.naver.com/eeblog23/223582658523,발산 맛집 마곡 해장국 순대국 열정국밥 발산역점 점심 식사 후기
https://blog.naver.com/dalkom408/223613544595,마곡 해장국 발산 점심 열정국밥 발산역점 후기
https://blog.naver.com/edins_/223628815458,발산24시 영업 해장국 맛집 열정국밥 발산역점
https://blog.naver.com/sol2zz/223635628775,[서울 발산] 열정국밥 발산역점 | 24시 발산 마곡 점심 해장국 맛집 후기
https://blog.naver.com/khl21_/223638372152,[마곡 발산 맛집]열정국밥 발산역점
https://blog.naver.com/dkel0825/223575151977,든든한 마곡국밥 맛집 열정국밥 발산역점 발산역 해장국
https://blog.naver.com/csh2310/223606981162,서울국밥맛집 '열정국밥 발산역점'에서 돼지국밥먹기~!
https://blog.naver.com/sora9322/223619309632,마곡 해장국 맛집 열정국밥 발산역점 24시간 영업
https://blog.naver.com/ksski_91/223609427565,마곡 해장국 맛집 열정국밥 발산역점 │ 든든한 국밥과 통마늘함박
https://blog.naver.com/anrgudtkd/223632318624,마곡 해장국 열정국밥 발산역점 24시간 밥집
https://blog.naver.com/hannalae1004/223641662242,마곡 해장국 열정국밥 발산역점 24시간오픈 회식마무리로 딱!
https://blog.naver.com/wlsdktkfdk/223595856736,마곡국밥 열정국밥 발산역점 국밥 후기
https://blog.naver.com/greendino_/223652680265,"✨ [마곡] 열정국밥 발산역점 :: 뜨끈하고 맛있는 국밥집, 발산 회식 / 모임 장소로 추천!"
https://blog.naver.com/0yuha/223603532805,마곡 해장국 열정국밥 발산역점에서 국밥 먹고 왔어요!
https://blog.naver.com/taste_of_the_present/223644249385,갓성비의 표본 열정국밥 발산역점
https://blog.naver.com/gje0619/223595665151,마곡 한식 국밥 추천 열정국밥 발산역점
https://blog.naver.com/alllallal/223576010634,"마곡 해장국 열정국밥 발산역점 돼지국밥, 설렁탕 후기"
https://blog.naver.com/yeollee_review/223637436746,발산역해장국 [열정국밥 발산역점] 에서 해장하기!
https://blog.naver.com/seulkyomi/223624875104,"마곡 발산 순대국, 24시 해장국맛집, 열정국밥 발산역점"
https://blog.naver.com/daily3do/223620370040,쌀쌀한 요즘 생각나는 국밥맛집 :: 열정국밥 발산역점 후기
https://blog.naver.com/nguyen_minh_ai/223668238656,"열정국밥 발산역점, 발산/마곡 전라도장터국밥 및 함박스테이크 발산 점심 맛집"
https://blog.naver.com/moosin84/223657510159,푸짐한 식사로 마곡 회식으로 방문 하기 좋은 열정국밥 발산역점
https://blog.naver.com/thenaeun0409/223583431559,"발산역점심 맛집, 발산역국밥 열정국밥 발산역점"
https://blog.naver.com/megustahoy/223671920031,"마곡 해장국, 돼지국밥 맛집이라 점심으로 자주 방문하는 열정국밥 발산역점에서 단체 회식하고 주차까지..."
https://blog.naver.com/magic_of_jk/223648487539,마곡 해장국 <열정국밥 발산역점> 발산 점심 추천
https://blog.naver.com/jeremiece/223586962503,발산 점심 식사하기 좋은 국밥 맛집 - 열정국밥 발산역점
https://blog.naver.com/e-ryang/223672842535,"[서울/강서] 마곡삼겹살, 마곡점심맛집 : 김돈이 마곡점"
https://blog.naver.com/bin010205/223515229321,[마곡역고기집] 김돈이 마곡점 흑도새기 한상차림 탱글한 흑돼지와 새콤달콤한 열무비빔국수
https://blog.naver.com/honest_view/223669254787,"[서울 강서] 마곡고깃집 '김돈이'에서 만원짜리 점심특선메뉴 먹어 본 후기 - 제육, 고등어, 김치찌개"
https://blog.naver.com/yanglee_bubu/223156584802,[마곡맛집] 100% 청정 제주 생고기 ‘김돈이 마곡점’ / 마곡삼겹살맛집 추천
https://blog.naver.com/tjd0201/223018243325,"회식, 데이트, 모임하기 좋은마곡삼겹살맛집 추천, 김돈이마곡점"
https://blog.naver.com/unichef92/222867770091,[마곡 맛집] 김돈이 마곡점 : 숯불향 그윽한 제주돼지를 먹어보자
https://blog.naver.com/ppp6005/223533805542,두꺼운 제주도 흑돼지로 유혹하는 김돈이 공항점(+10주년 이벤트)
https://blog.naver.com/yrhwang92/223326254102,마곡 발산 삼겹살 제주 연탄구이 김돈이 내돈내산
https://blog.naver.com/minilee91/222904548438,"[서울/강서/마곡] 점심메뉴 추천 김돈이 (제육볶음, 고등어구이)"
https://blog.naver.com/joy_ta/223624318649,"[마곡 테니스/발산 테니스/강서 테니스] 마곡 조이 테니스 아카데미, 제 9회 레슨자 테니스 대회 이야기"
https://blog.naver.com/iljjeong/223548101191,"[서울 강서] 깊고푸른참치, 발산역 모임 하기 좋은 장소"
https://blog.naver.com/hye_minyyy/223522621533,"강서, 마곡 발산역 참치 맛집 ‘깊고푸른참치’ 솔직후기"
https://blog.naver.com/m1ngna/223184303563,[강서] 발산역 깊고푸른참치 마곡 참치맛집
https://blog.naver.com/economyfw/223661214370,"[맛집리뷰] 마곡 발산역 참치 찐 맛집 ""깊고푸른참치"""
https://blog.naver.com/ththtktk/223638817124,마곡 발산역 참치 ‘깊고푸른참치’ 선 코스 솔직 후기
https://blog.naver.com/dustmd1938/223587435293,신선한 참치가 리필되는 발산역 맛집 깊고푸른참치 방문후기
https://blog.naver.com/gieun5065/223508991401,"마곡, 발산 회식추천 참치맛집_깊고푸른참치"
https://blog.naver.com/gkalwod/223212157655,"마곡 참치 맛집 깊고푸른참치 퀄리티보장 룸식당 회식, 모임장소로 추천"
https://blog.naver.com/tjdmstn0518/223411632464,마곡참치 깊고푸른참치 리필 가능한 발산역 참치맛집
https://blog.naver.com/eun66888/223499989609,강서구 마곡맛집 발산역참치 가성비 좋은재료 [깊고푸른참치]
https://blog.naver.com/ok114ic/223627115218,[인천/서구] 신선한 고급 참치의 깊은 맛을 선사해 드립니다! :: 깊고푸른참치
https://blog.naver.com/havemorefun/223314248846,[서울/발산] 마곡 맛집 깊고푸른참치 #주민맛집 #회식장소추천 #발산역참치
https://blog.naver.com/adele0116/223658772063,"[발산역 맛집] 깊고푸른참치, 마곡 참치 맛집! 참치 코스 요리 배부르게 먹고 온 후기"
https://blog.naver.com/sua4111/223404423621,"발산역 마곡 참치 맛집, 깊고푸른참치"
https://blog.naver.com/thddl0413/222452239587,"마곡 참치 대존맛집, 깊고푸른참치 선코스 후기 + 콜키지 가능"
https://blog.naver.com/chinasoyoung/223228296454,발산역 참치 오마카세 부럽지 않은 깊고푸른참치 선 코스 (프라이빗한 룸이 있는 참다랑어 마곡 참치...
https://blog.naver.com/vnfans98/223620142320,마곡역 참치 깊고푸른참치 참다랑어 선 코스 후기
https://blog.naver.com/kicmemorybox/223168711311,마곡참치 가성비 최고! 깊고푸른참치 혼마구로전문 발산역참치
https://blog.naver.com/nuage___/222591024136,"[완정역맛집] 인천 서구 마전동맛집 ""깊고푸른참치"""
https://blog.naver.com/ineroad/223081675618,발산역 참치 ‘깊고푸른참치’ 마곡 참치 추천!
https://blog.naver.com/songsoong__/223649295365,"발산역 참치 맛집 '깊고푸른참치' 선코스 부위별 후기 +하트모양 황새치구이,리필2번가능"
https://blog.naver.com/redsock18/223331665631,"발산역 참치 맛집 깊고푸른참치 리뷰(주차,메뉴,선참치,센300)"
https://blog.naver.com/liz_kang/222827041214,발산역 참치 맛있는 깊고푸른참치 선 코스요리 후기
https://blog.naver.com/ymoses/223634721777,발산역 참치 맛집 깊고푸른참치 후기
https://blog.naver.com/jbjoo0537/222443807712,마곡 참치 깊고푸른참치 진코스 회식
https://blog.naver.com/holyvvv/223590060168,[마곡] 발산역 참치 '깊고푸른참치' 프라이빗 룸 참치회 선 코스 후기
https://blog.naver.com/wo0oni_/223562335450,"마곡 참치 맛집 발산역 회식, 모임하기 좋은 맛집 깊고푸른참치"
https://blog.naver.com/isg011847/223556160941,"<깊고 푸른 참치> 참치 발산역 근처 맛집 추천, 리필 3번 가능"
https://blog.naver.com/kimy1506/223595851057,"[마곡 맛집] 마곡 참치 찐 맛집 ""깊고 푸른 참치"" 내돈내산 후기"
https://blog.naver.com/bandl33/223632655147,쿠쿠서비스센터검단점 열림버튼 교체와 내솥구입가격
https://blog.naver.com/bellline100/223434288809,발산역 마곡지구 프라이빗 룸이 있는 깊고푸른참치
https://blog.naver.com/jjozz/223648383655,발산역횟집 데이트 회식 하기좋은 깊고푸른참치 참치코스요리 가격정보
https://blog.naver.com/minee7927/223492455986,"강서구 맛집, 마곡역 프라이빗 룸이 있는 참치 추천 #깊고푸른참치"
https://blog.naver.com/herpass/223337141527,[마곡/발산] 발산역 참치 마곡 참치 깊고푸른참치 (ft.혼마구로 스폐셜)
https://blog.naver.com/nicepretty_/223330525576,[발산역 참치 맛집] 가족모임 룸 있는 깊고푸른참치 마곡점
https://blog.naver.com/blueflag00/223393190887,[마곡] 오마카세 부럽지 않은 프리미엄 참치 식당: 깊고푸른참치
https://blog.naver.com/start1013/223130592748,발산역참치 깊고푸른참치 무한리필 선코스
https://blog.naver.com/manibunny/223411760696,발산역 참치 깊고푸른참치 코스 좋은 룸회식 장소
https://blog.naver.com/qhals981024/223342569190,마곡 참치 룸술집 깊고푸른참치 발산역 참치 맛집이에요
https://blog.naver.com/9dhwldud7/223394368974,발산역 참치 맛집 마곡 깊고푸른참치에서 선먹고 리필로 또 먹었어요
https://blog.naver.com/ohaya/223338422522,발산역참치 프라이빗한 룸식당 회식하기 좋은 깊고푸른참치
https://blog.naver.com/church1313/223361493914,발산역 참치 리필도 좋은 깊고푸른참치
https://blog.naver.com/lovelee_56/223356707899,마곡 참치 맛집 “깊고푸른참치” 퀄리티 최상
https://blog.naver.com/owo_hye/223440079337,싱싱한 참치를 먹고 싶다면 깊고푸른참치 [발산역 참치/ 마곡 참치]
https://blog.naver.com/sally22_/223446287586,[발산] 참치맛집 깊고푸른참치
https://blog.naver.com/gjtjswn0829/223378992084,마곡 조용한 술집 '깊고 푸른 참치'에서 참치 회 리필 가능! (feat. 회식하기 좋은 맛집 추천)
https://blog.naver.com/sysy_memo/223469901638,깊고푸른참치 | 뷰맛집 룸식당 발산역 참치
https://blog.naver.com/bbangshunii_daily/223458416110,마곡 발산역 맛집 코스요리가 맛있는 참치 전문점 깊고푸른참치
https://blog.naver.com/regen1035/222956696217,발산 마곡 참치 | 깊고푸른참치 회식장소로 좋음
https://blog.naver.com/itda0603/223241451739,마곡 참치 깊고푸른참치 발산역 단체모임
https://blog.naver.com/0504kmy/223592645453,발산역 9번출구 발산역참치 깊고푸른참치 찾아 오시는 길
https://blog.naver.com/son2068/223269905446,[발산] 깊고푸른참치 - 발산 회식 시리즈 3편
https://blog.naver.com/seraph00000/223081115339,발산역맛집 [ 깊고 푸른 참치 ] 최고의가성비로 맛보는 참치
https://blog.naver.com/ssiwants/223265773001,발산역 마곡 맛집 깊고 푸른 참치 코스 메뉴 하나하나에 진심인 곳
https://blog.naver.com/dpswpfaltnr/223158303467,발산역참치 4만원에 코스로 깊고푸른참치
https://blog.naver.com/kmm_review/223023392421,마곡 발산 데이트 참치 맛집 깊고푸른참치 다녀왔어요 존맛 모임장소 추천
https://blog.naver.com/seohee106301/222966140743,서울 발산역 참치 깊고푸른참치 내돈내산
https://blog.naver.com/1chae12/222939090498,발산역 참치 맛집 마곡 룸식당 깊고푸른참치 미코스
https://blog.naver.com/kae2569/222923769164,강서구 발산역 마곡 참치 맛집 : 깊고푸른참치 미코스
https://blog.naver.com/josukobi/222932447571,발산역 참치 맛집 프라이빗 룸 식당 깊고푸른참치
