name,link
[서울 광진] 나카노라멘,https://xn--939au0g4vj8sq.net/cp/?id=1586904
[서울 강북] 코다리낙지방,https://xn--939au0g4vj8sq.net/cp/?id=1587621
[서울 동작] 액션커피,https://xn--939au0g4vj8sq.net/cp/?id=1587203
[서울 강동] 리틀조이_Little joy's,https://xn--939au0g4vj8sq.net/cp/?id=1587236
[서울 강남] 무지개수프,https://xn--939au0g4vj8sq.net/cp/?id=1587714
[서울 동대문] 도남수산,https://xn--939au0g4vj8sq.net/cp/?id=1586738
[서울 성북] 한라맥주 성신여대점,https://xn--939au0g4vj8sq.net/cp/?id=1587091
[서울 도봉] 토핑폭탄김치찜&김치찌개 쌍문점,https://xn--939au0g4vj8sq.net/cp/?id=1586710
[서울 마포] 멘쇼우라멘 상암DMC점,https://xn--939au0g4vj8sq.net/cp/?id=1587484
[서울 구로] 원조한우곱창,https://xn--939au0g4vj8sq.net/cp/?id=1587261
[서울 강서] 예가닭칼국수,https://xn--939au0g4vj8sq.net/cp/?id=1587104
[서울 성동] 버거쑈,https://xn--939au0g4vj8sq.net/cp/?id=1587415
[서울 강남] 어거스트힐 강남점,https://xn--939au0g4vj8sq.net/cp/?id=1587602
[서울 중구] 을지헤이지니,https://xn--939au0g4vj8sq.net/cp/?id=1586859
[서울 은평] 삼일해물찜아구찜탕,https://xn--939au0g4vj8sq.net/cp/?id=1586837
[서울 광진] 명월숯불양꼬치,https://xn--939au0g4vj8sq.net/cp/?id=1587320
[서울 관악] 통큰갈비 난곡점,https://xn--939au0g4vj8sq.net/cp/?id=1587238
[서울 성동] 강릉엄지네꼬막집 왕십리센트라스점,https://xn--939au0g4vj8sq.net/cp/?id=1586943
[서울 동대문] 장안집,https://xn--939au0g4vj8sq.net/cp/?id=1587531
[서울 관악] 일점사,https://xn--939au0g4vj8sq.net/cp/?id=1586970
[서울 광진] 플레어 에스프레소 바,https://xn--939au0g4vj8sq.net/cp/?id=1587713
[서울 중랑] 도리도리야포차,https://xn--939au0g4vj8sq.net/cp/?id=1587204
[서울 마포] 시오 합정점,https://xn--939au0g4vj8sq.net/cp/?id=1587372
[서울 영등포] 이가 우육면,https://xn--939au0g4vj8sq.net/cp/?id=1586975
[서울 동작] 베리굳베이글 이수점,https://xn--939au0g4vj8sq.net/cp/?id=1586810
[서울 서초] 한성양꼬치 교대2호점,https://xn--939au0g4vj8sq.net/cp/?id=1586749
[서울 송파] 뭉게,https://xn--939au0g4vj8sq.net/cp/?id=1587591
[서울 영등포] 태산양꼬치전문점,https://xn--939au0g4vj8sq.net/cp/?id=1587227
[서울 강남] 오레노유메 선릉본점,https://xn--939au0g4vj8sq.net/cp/?id=1587502
[서울 노원] 쉼터왕족발,https://xn--939au0g4vj8sq.net/cp/?id=1587745
[서울 광진] 잇사이,https://xn--939au0g4vj8sq.net/cp/?id=1587718
[서울 중구] 키노이에,https://xn--939au0g4vj8sq.net/cp/?id=1586289
[서울 강남] 오트보트,https://xn--939au0g4vj8sq.net/cp/?id=1587191
[서울 마포] 클럽일마레,https://xn--939au0g4vj8sq.net/cp/?id=1587638
[서울 강남] 막끌리네 선릉점,https://xn--939au0g4vj8sq.net/cp/?id=1586990
[서울 성신] 디에타,https://xn--939au0g4vj8sq.net/cp/?id=1586729
[서울 강남] 생태사랑,https://xn--939au0g4vj8sq.net/cp/?id=1587600
[서울 강남] 팔백집 강남점,https://xn--939au0g4vj8sq.net/cp/?id=1586413
[서울 성북] 뽀까슈,https://xn--939au0g4vj8sq.net/cp/?id=1587437
[서울 성동] 카페아모렘,https://xn--939au0g4vj8sq.net/cp/?id=1586646
[서울 용산] 상원이네,https://xn--939au0g4vj8sq.net/cp/?id=1587493
[서울 도봉] 대구형제막창 방학역점,https://xn--939au0g4vj8sq.net/cp/?id=1586746
[서울 강남] 엘에이마라 본점,https://xn--939au0g4vj8sq.net/cp/?id=1586727
[서울 강서] 이자카야우연,https://xn--939au0g4vj8sq.net/cp/?id=1586898
[서울 송파] 문어천하,https://xn--939au0g4vj8sq.net/cp/?id=1587686
[서울 강남] 마린3스토리,https://xn--939au0g4vj8sq.net/cp/?id=1586958
[서울 도봉] 하노이빈,https://xn--939au0g4vj8sq.net/cp/?id=1586294
[서울 강남] 게판,https://xn--939au0g4vj8sq.net/cp/?id=1586283
[서울 중구] 다락솥,https://xn--939au0g4vj8sq.net/cp/?id=1587216
[서울 마포] 리파인드 카페,https://xn--939au0g4vj8sq.net/cp/?id=1587162
[서울 서초] 정통 한성 양갈비 양꼬치,https://xn--939au0g4vj8sq.net/cp/?id=1586750
[서울 마포] 양화진,https://xn--939au0g4vj8sq.net/cp/?id=1587286
[서울 마포] 팟타이로얄,https://xn--939au0g4vj8sq.net/cp/?id=1587087
[서울 강남] 집생로커피 압구정점,https://xn--939au0g4vj8sq.net/cp/?id=1586637
[서울 종로] 플러스84,https://xn--939au0g4vj8sq.net/cp/?id=1587588
[서울 은평] 녹번상회,https://xn--939au0g4vj8sq.net/cp/?id=1587386
[서울 종로] 라익선,https://xn--939au0g4vj8sq.net/cp/?id=1586860
[서울 송파] 꼼떼 올림픽점,https://xn--939au0g4vj8sq.net/cp/?id=1586872
[서울 은평] 김제안창살소차돌,https://xn--939au0g4vj8sq.net/cp/?id=1586322
[서울 관악] 삼촌네,https://xn--939au0g4vj8sq.net/cp/?id=1587343
[서울 서대문] 구씨네부엌,https://xn--939au0g4vj8sq.net/cp/?id=1586364
[서울 마포] 연남오뎅,https://xn--939au0g4vj8sq.net/cp/?id=1586329
[서울 서대문] 착한회시장,https://xn--939au0g4vj8sq.net/cp/?id=1586237
[서울 성동] 바오서울 성수,https://xn--939au0g4vj8sq.net/cp/?id=1587726
[서울 강서] 호우양꼬치,https://xn--939au0g4vj8sq.net/cp/?id=1586291
[서울 서초] 본가왕뼈감자탕해장국 서초점,https://xn--939au0g4vj8sq.net/cp/?id=1587033
[서울 관악] 킷사서울,https://xn--939au0g4vj8sq.net/cp/?id=1587647
[서울 구로] 신호등포차,https://xn--939au0g4vj8sq.net/cp/?id=1586792
[서울 송파] 짬뽕타임플러스 잠실점,https://xn--939au0g4vj8sq.net/cp/?id=1587185
[서울 서대문] 연남서식당,https://xn--939au0g4vj8sq.net/cp/?id=1587617
[서울 마포] 옥소반 상암점,https://xn--939au0g4vj8sq.net/cp/?id=1587260
[서울 노원] 지원이네전집,https://xn--939au0g4vj8sq.net/cp/?id=1586347
[서울 광진] 심로 건대점,https://xn--939au0g4vj8sq.net/cp/?id=1587630
[서울 용산] 하이프 루프탑 후카 라운지,https://xn--939au0g4vj8sq.net/cp/?id=1587175
[서울 동대문] 이강참치 이문본점,https://xn--939au0g4vj8sq.net/cp/?id=1587530
[서울 동대문] 동원정24시,https://xn--939au0g4vj8sq.net/cp/?id=1587014
[서울 광진] 향만원,https://xn--939au0g4vj8sq.net/cp/?id=1586667
[서울 강남] 양재옥,https://xn--939au0g4vj8sq.net/cp/?id=1586691
[서울 중구] 고월,https://xn--939au0g4vj8sq.net/cp/?id=1586894
[서울 강남] 카츠조선,https://xn--939au0g4vj8sq.net/cp/?id=1587063
[서울 금천] 미미향양꼬치 가산점,https://xn--939au0g4vj8sq.net/cp/?id=1587369
[서울 동대문] 우리곱창,https://xn--939au0g4vj8sq.net/cp/?id=1587263
[서울 강북] 꿀뚜껑,https://xn--939au0g4vj8sq.net/cp/?id=1586421
[서울 강서] 해누리 등촌역본점,https://xn--939au0g4vj8sq.net/cp/?id=1587517
[서울 송파] 미오,https://xn--939au0g4vj8sq.net/cp/?id=1587739
[서울 성동] 무지개맥주 왕십리점,https://xn--939au0g4vj8sq.net/cp/?id=1586774
[서울 강남] 강남보물섬,https://xn--939au0g4vj8sq.net/cp/?id=1587408
[서울 중랑] 옛가,https://xn--939au0g4vj8sq.net/cp/?id=1587472
[서울 마포] 명태공 성산본점,https://xn--939au0g4vj8sq.net/cp/?id=1586818
[서울 관악] 술주유,https://xn--939au0g4vj8sq.net/cp/?id=1587158
[서울 성동] 뉴스타 하이볼,https://xn--939au0g4vj8sq.net/cp/?id=1587006
[서울 강남] 블랑커피,https://xn--939au0g4vj8sq.net/cp/?id=1586703
[서울 광진] 세종라멘,https://xn--939au0g4vj8sq.net/cp/?id=1586525
[서울 관악] 구영회참치앤초밥 신림점,https://xn--939au0g4vj8sq.net/cp/?id=1587135
[서울 마포] 카마카츠,https://xn--939au0g4vj8sq.net/cp/?id=1587444
[서울 서대문] 산천마루,https://xn--939au0g4vj8sq.net/cp/?id=1587306
[서울 광진] 타코로 건대자양점,https://xn--939au0g4vj8sq.net/cp/?id=1587242
[서울 노원] 맷돌로만 수락산점,https://xn--939au0g4vj8sq.net/cp/?id=1587020
[서울 관악] 이자카야현,https://xn--939au0g4vj8sq.net/cp/?id=1587056
[서울 성북] 오디너리커피랩,https://xn--939au0g4vj8sq.net/cp/?id=1586665
[서울 강남] 골드피쉬 딤섬퀴진,https://xn--939au0g4vj8sq.net/cp/?id=1586276
[서울 강동] 이심전심,https://xn--939au0g4vj8sq.net/cp/?id=1587449
[서울 금천] 대륭 더이룸푸드,https://xn--939au0g4vj8sq.net/cp/?id=1587153
[서울 강서] 올바른장어,https://xn--939au0g4vj8sq.net/cp/?id=1587575
[서울 서초] 김태완스시 방배본점,https://xn--939au0g4vj8sq.net/cp/?id=1586255
[서울 금천] 육뜸2호점,https://xn--939au0g4vj8sq.net/cp/?id=1586512
[서울 송파] 태인일식,https://xn--939au0g4vj8sq.net/cp/?id=1587232
[서울 서초] umma cafe,https://xn--939au0g4vj8sq.net/cp/?id=1587079
[서울 도봉] 꿀고기집,https://xn--939au0g4vj8sq.net/cp/?id=1586266
[서울 송파] 오십오,https://xn--939au0g4vj8sq.net/cp/?id=1586582
[서울 강남] 삼다연 역삼점,https://xn--939au0g4vj8sq.net/cp/?id=1586340
[서울 마포] 오버딥 연남,https://xn--939au0g4vj8sq.net/cp/?id=1586809
[서울 관악] 사이공본가 신림점,https://xn--939au0g4vj8sq.net/cp/?id=1586737
[서울 종로] 코야코,https://xn--939au0g4vj8sq.net/cp/?id=1587702
[서울 노원] 준오헤어 노원사거리점 차지혜 디자이너,https://xn--939au0g4vj8sq.net/cp/?id=1587442
[서울 성동] 감성호프,https://xn--939au0g4vj8sq.net/cp/?id=1586320
[서울 강남] 나이스샤워 선릉점,https://xn--939au0g4vj8sq.net/cp/?id=1587705
[서울 마포] 우리닭갈비,https://xn--939au0g4vj8sq.net/cp/?id=1587533
[서울 광진] 명봉마라훠궈,https://xn--939au0g4vj8sq.net/cp/?id=1586639
[서울 관악] 안녕 쿠마,https://xn--939au0g4vj8sq.net/cp/?id=1587645
[서울 중구] 정동칼국수,https://xn--939au0g4vj8sq.net/cp/?id=1587534
[서울 강남] 김돈이 본점,https://xn--939au0g4vj8sq.net/cp/?id=1586252
[서울 마포] 성미담,https://xn--939au0g4vj8sq.net/cp/?id=1586817
[서울 구로] 복성루샤부샤부성,https://xn--939au0g4vj8sq.net/cp/?id=1586263
[서울 동작] 열화,https://xn--939au0g4vj8sq.net/cp/?id=1586338
[서울 강서] 행복식당 김포공항본점,https://xn--939au0g4vj8sq.net/cp/?id=1586801
[서울 관악] 815광복점 2호점,https://xn--939au0g4vj8sq.net/cp/?id=1587416
[서울 영등포] 하늘유리,https://xn--939au0g4vj8sq.net/cp/?id=1587555
[서울 마포] 더 프레쉬,https://xn--939au0g4vj8sq.net/cp/?id=1586941
[서울 관악] 안녕 부산,https://xn--939au0g4vj8sq.net/cp/?id=1587646
[서울 양천] 청년다방 목동파리공원점,https://xn--939au0g4vj8sq.net/cp/?id=1586676
[서울 강서] 커피기업 마곡점,https://xn--939au0g4vj8sq.net/cp/?id=1586968
[서울 금천] 참토우 독산8호점,https://xn--939au0g4vj8sq.net/cp/?id=1586295
[서울 강남] 모라비아 와인이야기,https://xn--939au0g4vj8sq.net/cp/?id=1587459
[서울 광진] 왕십리정곱창,https://xn--939au0g4vj8sq.net/cp/?id=1586362
[서울 마포] 솜솜,https://xn--939au0g4vj8sq.net/cp/?id=1587168
[서울 강남] 청춘양꼬치포차,https://xn--939au0g4vj8sq.net/cp/?id=1587269
[서울 서초] 산마루돌구이,https://xn--939au0g4vj8sq.net/cp/?id=1587182
[서울 광진] 뚝방길 홍차가게,https://xn--939au0g4vj8sq.net/cp/?id=1586594
[서울 강북] 물망초사진관,https://xn--939au0g4vj8sq.net/cp/?id=1586245
[서울 동대문] 풍모란,https://xn--939au0g4vj8sq.net/cp/?id=1587353
[서울 강남] 카페풀림,https://xn--939au0g4vj8sq.net/cp/?id=1586839
[서울 종로] 여진곱,https://xn--939au0g4vj8sq.net/cp/?id=1586349
[서울 성동] 값진한우,https://xn--939au0g4vj8sq.net/cp/?id=1587701
[서울 서초] 포폴라리타,https://xn--939au0g4vj8sq.net/cp/?id=1586928
[서울 영등포] 단골손님 영등포점,https://xn--939au0g4vj8sq.net/cp/?id=1587166
[서울 송파] 스시 윤,https://xn--939au0g4vj8sq.net/cp/?id=1587080
[서울 강남] 혼,https://xn--939au0g4vj8sq.net/cp/?id=1587519
[서울 양천] 청풍명월,https://xn--939au0g4vj8sq.net/cp/?id=1587637
[서울 중구] 을지로 브이,https://xn--939au0g4vj8sq.net/cp/?id=1587112
[서울 동대문] 자매양꼬치,https://xn--939au0g4vj8sq.net/cp/?id=1587545
[서울 강남] 형수곱창 압구정점,https://xn--939au0g4vj8sq.net/cp/?id=1586432
[서울 송파] 무쇠벼루삼겹살,https://xn--939au0g4vj8sq.net/cp/?id=1586359
[서울 성북] 통돼지네,https://xn--939au0g4vj8sq.net/cp/?id=1586398
[서울 동작] 시고르통다르닭 이수역점,https://xn--939au0g4vj8sq.net/cp/?id=1586851
[서울 강서] 명가교동짬뽕 강서구청점,https://xn--939au0g4vj8sq.net/cp/?id=1586673
[서울 동대문] 세미씨,https://xn--939au0g4vj8sq.net/cp/?id=1586302
[서울 마포] 큐슈방,https://xn--939au0g4vj8sq.net/cp/?id=1586854
[서울 서초] 공돈,https://xn--939au0g4vj8sq.net/cp/?id=1586357
[서울 종로] 광장맷돌집,https://xn--939au0g4vj8sq.net/cp/?id=1586998
[서울 강동] 장어스토리 둔촌점,https://xn--939au0g4vj8sq.net/cp/?id=1586744
[서울 마포] 브리즈번버거앤비어 상암점,https://xn--939au0g4vj8sq.net/cp/?id=1587578
[서울 용산] 더함,https://xn--939au0g4vj8sq.net/cp/?id=1586777
[서울 송파] 영카츠 잠실학원사거리점,https://xn--939au0g4vj8sq.net/cp/?id=1588036
[서울 송파] 청와담,https://xn--939au0g4vj8sq.net/cp/?id=1587358
[서울 마포] 슈퍼노바,https://xn--939au0g4vj8sq.net/cp/?id=1586874
[서울 서초] 든든국밥,https://xn--939au0g4vj8sq.net/cp/?id=1586785
[서울 중구] 최씨네목공소,https://xn--939au0g4vj8sq.net/cp/?id=1586726
[서울 금천] 명가 교동짬뽕 금천구청역점,https://xn--939au0g4vj8sq.net/cp/?id=1586674
[서울 중구] 소규모와인bar,https://xn--939au0g4vj8sq.net/cp/?id=1587723
[서울 광진] 무유,https://xn--939au0g4vj8sq.net/cp/?id=1586427
[서울 종로] 병천유황오리 본점,https://xn--939au0g4vj8sq.net/cp/?id=1586337
[서울 중구] 종점 을지로점,https://xn--939au0g4vj8sq.net/cp/?id=1587089
[서울 서초] 웰빙찻집 다정다감,https://xn--939au0g4vj8sq.net/cp/?id=1586273
[서울 강남] 풍년집 대치점,https://xn--939au0g4vj8sq.net/cp/?id=1586591
[서울 마포] 홍대부대찌개,https://xn--939au0g4vj8sq.net/cp/?id=1586230
[서울 마포] 드로아,https://xn--939au0g4vj8sq.net/cp/?id=1587458
[서울 강남] 김태완스시 대치본점,https://xn--939au0g4vj8sq.net/cp/?id=1586254
[서울 강서] 소카크,https://xn--939au0g4vj8sq.net/cp/?id=1586732
[서울 마포] 지호한방삼계탕 마포대흥역점,https://xn--939au0g4vj8sq.net/cp/?id=1587201
[서울 강동] 꼰미고 올림픽공원점,https://xn--939au0g4vj8sq.net/cp/?id=1586597
[서울 강남] 카츠공방 강남점,https://xn--939au0g4vj8sq.net/cp/?id=1587142
[서울 노원] 블루샥 공릉점,https://xn--939au0g4vj8sq.net/cp/?id=1587094
[서울 강북] 오술차 수유역점,https://xn--939au0g4vj8sq.net/cp/?id=1586607
[서울 마포] 바 온,https://xn--939au0g4vj8sq.net/cp/?id=1586895
[서울 은평] 삼덕통닭 연신내점,https://xn--939au0g4vj8sq.net/cp/?id=1586352
[서울 성동] 오근내7닭갈비,https://xn--939au0g4vj8sq.net/cp/?id=1586706
[서울 강남] 주돈집,https://xn--939au0g4vj8sq.net/cp/?id=1587351
[서울 송파] 마로 파티세리,https://xn--939au0g4vj8sq.net/cp/?id=1587300
[서울 마포] 우주집,https://xn--939au0g4vj8sq.net/cp/?id=1586992
[서울 강남] 감성족발 강남점,https://xn--939au0g4vj8sq.net/cp/?id=1587652
[서울 노원] 굿맘할매순대국&양선지해장국 노원역점,https://xn--939au0g4vj8sq.net/cp/?id=1586272
[서울 관악] 바깥,https://xn--939au0g4vj8sq.net/cp/?id=1586518
[서울 양천] 백호돈까스,https://xn--939au0g4vj8sq.net/cp/?id=1587256
[서울 영등포] 천상한우 여의도,https://xn--939au0g4vj8sq.net/cp/?id=1587208
[서울 마포] WHH 와하하,https://xn--939au0g4vj8sq.net/cp/?id=1584695
[서울 영등포] 가네샤(신길동),https://xn--939au0g4vj8sq.net/cp/?id=1586020
[서울 마포] 중화복춘,https://xn--939au0g4vj8sq.net/cp/?id=1584962
[서울 마포] 홍대발바리네,https://xn--939au0g4vj8sq.net/cp/?id=1584896
[서울 송파] 옳소 식육점,https://xn--939au0g4vj8sq.net/cp/?id=1584517
[서울 은평] 봉평옹심이메밀칼국수,https://xn--939au0g4vj8sq.net/cp/?id=1585187
[서울 마포] 로쏘 1924 나폴리 화덕피자 홍대점,https://xn--939au0g4vj8sq.net/cp/?id=1584684
[서울 영등포] 꺼꾸잽이 초장집 영등포점,https://xn--939au0g4vj8sq.net/cp/?id=1585359
[서울 강남] 피헨,https://xn--939au0g4vj8sq.net/cp/?id=1586117
[서울 서대문] 마라샤오반,https://xn--939au0g4vj8sq.net/cp/?id=1585943
[서울 관악] 신셰프양꼬치&훠궈 남현동1호점,https://xn--939au0g4vj8sq.net/cp/?id=1585747
[서울 강서] 나들이김밥,https://xn--939au0g4vj8sq.net/cp/?id=1586034
[서울 금천] 신호등포차,https://xn--939au0g4vj8sq.net/cp/?id=1585613
[서울 강남] 흑우정 압구정로데오점,https://xn--939au0g4vj8sq.net/cp/?id=1585794
[서울 종로] 서교주담 대학로,https://xn--939au0g4vj8sq.net/cp/?id=1585075
[서울 도봉] 한상술집 오름,https://xn--939au0g4vj8sq.net/cp/?id=1584671
[서울 중구] 영삼이네 우정소갈비 약수점,https://xn--939au0g4vj8sq.net/cp/?id=1584854
[서울 용산] 묘우블랙 한남본점,https://xn--939au0g4vj8sq.net/cp/?id=1586059
[서울 영등포] 은원 양다리@양꼬치,https://xn--939au0g4vj8sq.net/cp/?id=1584680
[서울 노원] 돌판생고기,https://xn--939au0g4vj8sq.net/cp/?id=1585372
[서울 성동] 콩카세,https://xn--939au0g4vj8sq.net/cp/?id=1585480
[서울 관악] 꾸덕제과,https://xn--939au0g4vj8sq.net/cp/?id=1586032
[서울 서초] 바 아지트,https://xn--939au0g4vj8sq.net/cp/?id=1584895
[서울 마포] 광야,https://xn--939au0g4vj8sq.net/cp/?id=1585190
[서울 서대문] 가마마루이라멘,https://xn--939au0g4vj8sq.net/cp/?id=1585920
[서울 중구] 해리스,https://xn--939au0g4vj8sq.net/cp/?id=1585501
[서울 성북] 이모티프 커피바,https://xn--939au0g4vj8sq.net/cp/?id=1585814
[서울 강남] 지우네,https://xn--939au0g4vj8sq.net/cp/?id=1585465
[서울 용산] 육회관 블랙 용산점,https://xn--939au0g4vj8sq.net/cp/?id=1585560
[서울 중랑] 장어굽는 총각들,https://xn--939au0g4vj8sq.net/cp/?id=1585969
[서울 성동] 멘야마쯔리 성수점,https://xn--939au0g4vj8sq.net/cp/?id=1585271
[서울 강서] 미숯랭,https://xn--939au0g4vj8sq.net/cp/?id=1584698
[서울 강남] 명동관,https://xn--939au0g4vj8sq.net/cp/?id=1584892
[서울 마포] 붉은낙타,https://xn--939au0g4vj8sq.net/cp/?id=1585108
[서울 강남] 강남장수미역 역삼점,https://xn--939au0g4vj8sq.net/cp/?id=1585895
[서울 강북] 파주집,https://xn--939au0g4vj8sq.net/cp/?id=1584552
[서울 은평] 불마카세 은평,https://xn--939au0g4vj8sq.net/cp/?id=1585397
[서울 서초] 본토닭갈비 강남점,https://xn--939au0g4vj8sq.net/cp/?id=1585949
[서울 강남] 제주덕구 삼성점,https://xn--939au0g4vj8sq.net/cp/?id=1586544
[서울 영등포] 육회관포차 여의도점,https://xn--939au0g4vj8sq.net/cp/?id=1586601
[서울 관악] 돈덩어리,https://xn--939au0g4vj8sq.net/cp/?id=1585110
[서울 강남] 버거요 강남본점,https://xn--939au0g4vj8sq.net/cp/?id=1585127
[서울 영등포] 선식당 문래점,https://xn--939au0g4vj8sq.net/cp/?id=1585217
[서울 강남] 진대감 삼성점,https://xn--939au0g4vj8sq.net/cp/?id=1586468
[서울 광진] 서교주담 건대,https://xn--939au0g4vj8sq.net/cp/?id=1585277
[서울 용산] 조국,https://xn--939au0g4vj8sq.net/cp/?id=1586101
[서울 종로] 효제추어탕,https://xn--939au0g4vj8sq.net/cp/?id=1584692
[서울 동작] 더머커피,https://xn--939au0g4vj8sq.net/cp/?id=1585737
[서울 마포] 스키야 망원,https://xn--939au0g4vj8sq.net/cp/?id=1584750
[서울 성동] 도죠,https://xn--939au0g4vj8sq.net/cp/?id=1585738
[서울 강남] 세젤커피,https://xn--939au0g4vj8sq.net/cp/?id=1585954
[서울 금천] 구이터누룽지통닭,https://xn--939au0g4vj8sq.net/cp/?id=1585519
[서울 마포] 오티디 서울,https://xn--939au0g4vj8sq.net/cp/?id=1584657
[서울 성동] 곱창하우스,https://xn--939au0g4vj8sq.net/cp/?id=1584711
[서울 노원] 커피베스코 노원점,https://xn--939au0g4vj8sq.net/cp/?id=1585106
[서울 강남] 프라텔리,https://xn--939au0g4vj8sq.net/cp/?id=1585495
[서울 강남] 쿱,https://xn--939au0g4vj8sq.net/cp/?id=1585864
[서울 송파] 청국장과보리밥 잠실점,https://xn--939au0g4vj8sq.net/cp/?id=1584964
[서울 동작] 솔찬제주뒷고기 노량진점,https://xn--939au0g4vj8sq.net/cp/?id=1585732
[서울 영등포] 작수불,https://xn--939au0g4vj8sq.net/cp/?id=1585591
[서울 광진] 청담커피 광진자양점,https://xn--939au0g4vj8sq.net/cp/?id=1585472
[서울 광진] 건대멸치국수,https://xn--939au0g4vj8sq.net/cp/?id=1584836
[서울 송파] 냉삼집,https://xn--939au0g4vj8sq.net/cp/?id=1585363
[서울 마포] 제주정원,https://xn--939au0g4vj8sq.net/cp/?id=1585084
[서울 용산] 베드럼,https://xn--939au0g4vj8sq.net/cp/?id=1585812
[서울 금천] 개돼지펍,https://xn--939au0g4vj8sq.net/cp/?id=1584842
[서울 강서] 이층꼬치,https://xn--939au0g4vj8sq.net/cp/?id=1585871
[서울 강남] 오야지,https://xn--939au0g4vj8sq.net/cp/?id=1585437
[서울 중구] 리프커피,https://xn--939au0g4vj8sq.net/cp/?id=1585706
[서울 강북] 바우,https://xn--939au0g4vj8sq.net/cp/?id=1585789
[서울 종로] 전곱,https://xn--939au0g4vj8sq.net/cp/?id=1585069
[서울 강남] 육회담,https://xn--939au0g4vj8sq.net/cp/?id=1585558
[서울 동대문] 8번가,https://xn--939au0g4vj8sq.net/cp/?id=1585113
[서울 송파] 연탄부락 석촌점,https://xn--939au0g4vj8sq.net/cp/?id=1585686
[서울 도봉] 더곱창37번가,https://xn--939au0g4vj8sq.net/cp/?id=1586039
[서울 용산] 용산풍천숯불민물장어 용산본점,https://xn--939au0g4vj8sq.net/cp/?id=1585599
[서울 송파] 캠핑포차,https://xn--939au0g4vj8sq.net/cp/?id=1585009
[서울 동대문] 치킨필레오 고대점,https://xn--939au0g4vj8sq.net/cp/?id=1584852
[서울 성북] 장석골 한우곱창,https://xn--939au0g4vj8sq.net/cp/?id=1584877
[서울 마포] 버우드,https://xn--939au0g4vj8sq.net/cp/?id=1584690
[서울 관악] 카페니 관악점,https://xn--939au0g4vj8sq.net/cp/?id=1585548
[서울 성동] 양가,https://xn--939au0g4vj8sq.net/cp/?id=1585152
[서울 중구] 비욘드콘크리트,https://xn--939au0g4vj8sq.net/cp/?id=1585166
[서울 광진] 범가,https://xn--939au0g4vj8sq.net/cp/?id=1585813
[서울 도봉] 철수는 부대찌개 영희는 김치찌개 창동역점,https://xn--939au0g4vj8sq.net/cp/?id=1586602
[서울 동대문] 기깔난게장 무한리필 장안동본점,https://xn--939au0g4vj8sq.net/cp/?id=1585696
[서울 강서] 민영활어공장 목동남부시장점,https://xn--939au0g4vj8sq.net/cp/?id=1584686
[서울 은평] MARINA CAFE,https://xn--939au0g4vj8sq.net/cp/?id=1585730
[서울 노원] 도고,https://xn--939au0g4vj8sq.net/cp/?id=1584780
[서울 마포] 서울 소사이어티 클럽,https://xn--939au0g4vj8sq.net/cp/?id=1585407
[서울 강북] 을지로골뱅이,https://xn--939au0g4vj8sq.net/cp/?id=1584755
[서울 서대문] ATTA,https://xn--939au0g4vj8sq.net/cp/?id=1585325
[서울 광진] 드로잉레시피,https://xn--939au0g4vj8sq.net/cp/?id=1585797
[서울 서대문] 베지피티,https://xn--939au0g4vj8sq.net/cp/?id=1585612
[서울 관악] 야나기,https://xn--939au0g4vj8sq.net/cp/?id=1585872
[서울 용산] 디카 서울,https://xn--939au0g4vj8sq.net/cp/?id=1584652
[서울 마포] 돈까스참잘하는집,https://xn--939au0g4vj8sq.net/cp/?id=1584526
[서울 강서] 이총무네 숯불구이 강서화곡본점,https://xn--939au0g4vj8sq.net/cp/?id=1584934
[서울 관악] 용국이네숯불갈비,https://xn--939au0g4vj8sq.net/cp/?id=1585312
[서울 중랑] 사가정곱다곱창,https://xn--939au0g4vj8sq.net/cp/?id=1585735
[서울 마포] 중화복춘 살롱 시그니처,https://xn--939au0g4vj8sq.net/cp/?id=1584947
[서울 광진] 해룡마라룽샤 건대점,https://xn--939au0g4vj8sq.net/cp/?id=1584535
[서울 중구] 아재카세 충무로점,https://xn--939au0g4vj8sq.net/cp/?id=1585273
[서울 노원] 라라맨숀 노원점,https://xn--939au0g4vj8sq.net/cp/?id=1586045
[서울 종로] 문화제빵,https://xn--939au0g4vj8sq.net/cp/?id=1585390
[서울 구로] 더티프라이 신도림점,https://xn--939au0g4vj8sq.net/cp/?id=1584558
[서울 동대문] 한우정육소,https://xn--939au0g4vj8sq.net/cp/?id=1585873
[서울 종로] 까사 이태리아,https://xn--939au0g4vj8sq.net/cp/?id=1586030
[서울 송파] 강남쌀국수 가락점,https://xn--939au0g4vj8sq.net/cp/?id=1585073
[서울 종로] 하씨주가,https://xn--939au0g4vj8sq.net/cp/?id=1586121
[서울 중구] 단초밥,https://xn--939au0g4vj8sq.net/cp/?id=1584846
[서울 강남] 글루글루,https://xn--939au0g4vj8sq.net/cp/?id=1585192
[서울 성북] 오매떡 월곡점,https://xn--939au0g4vj8sq.net/cp/?id=1585520
[서울 광진] 소문식당,https://xn--939au0g4vj8sq.net/cp/?id=1585319
[서울 송파] 까사노랑,https://xn--939au0g4vj8sq.net/cp/?id=1584930
[서울 강남] AFC 파이낸스컨티뉴 종합자산관리 이샘 금융PD,https://xn--939au0g4vj8sq.net/cp/?id=1584709
[서울 서대문] 스시도쿠 현대백화점 신촌점,https://xn--939au0g4vj8sq.net/cp/?id=1584763
[서울 노원] 후쿠,https://xn--939au0g4vj8sq.net/cp/?id=1585898
[서울 강남] 멘쇼쿠 코엑스점,https://xn--939au0g4vj8sq.net/cp/?id=1585883
[서울 중구] 고백,https://xn--939au0g4vj8sq.net/cp/?id=1585016
[서울 강남] 한티옥(대치동),https://xn--939au0g4vj8sq.net/cp/?id=1585044
[서울 송파] 안주마을,https://xn--939au0g4vj8sq.net/cp/?id=1584587
[서울 동대문] 복 가마솥시장통닭,https://xn--939au0g4vj8sq.net/cp/?id=1585837
[서울 중구] 천상계 닭매운탕,https://xn--939au0g4vj8sq.net/cp/?id=1585468
[서울 중구] 육회관포차 을지로점,https://xn--939au0g4vj8sq.net/cp/?id=1585559
[서울 광진] 스위트앤카츠(광진구),https://xn--939au0g4vj8sq.net/cp/?id=1585743
[서울 성동] 킷포우,https://xn--939au0g4vj8sq.net/cp/?id=1585880
[서울 강동] 우대포 고덕역점,https://xn--939au0g4vj8sq.net/cp/?id=1585440
[서울 강남] 게리슨,https://xn--939au0g4vj8sq.net/cp/?id=1586023
[서울 강남] 낯선천장 논현본점,https://xn--939au0g4vj8sq.net/cp/?id=1585270
[서울 강동] 정원냉면칼국수,https://xn--939au0g4vj8sq.net/cp/?id=1584942
[서울 종로] 베테카텐,https://xn--939au0g4vj8sq.net/cp/?id=1585784
[서울 은평] 이가네가마솥설렁탕,https://xn--939au0g4vj8sq.net/cp/?id=1585212
[서울 용산] 무쇠김치삼겹 한남점,https://xn--939au0g4vj8sq.net/cp/?id=1584679
[서울 중구] 참맛 순대국 무교본점,https://xn--939au0g4vj8sq.net/cp/?id=1585975
[서울 중구] 맛있는 햄 부대찌개,https://xn--939au0g4vj8sq.net/cp/?id=1584567
[서울 도봉] 딥코브커피,https://xn--939au0g4vj8sq.net/cp/?id=1585939
[서울 송파] 카페블라썸,https://xn--939au0g4vj8sq.net/cp/?id=1584951
[서울 마포] 해옫 연남,https://xn--939au0g4vj8sq.net/cp/?id=1585503
[서울 광진] 사거리매운양푼등갈비찜본점,https://xn--939au0g4vj8sq.net/cp/?id=1585840
[서울 마포] 라헬의부엌 홍대점,https://xn--939au0g4vj8sq.net/cp/?id=1585185
[서울 성동] 다이버츄,https://xn--939au0g4vj8sq.net/cp/?id=1585887
[서울 영등포] 화염산마라탕 여의도점,https://xn--939au0g4vj8sq.net/cp/?id=1585904
[서울 종로] 찌개랑찜이랑,https://xn--939au0g4vj8sq.net/cp/?id=1585252
[서울 마포] 우삼촌카레 홍대점,https://xn--939au0g4vj8sq.net/cp/?id=1585442
[서울 노원] 상계동 원조닭갈비,https://xn--939au0g4vj8sq.net/cp/?id=1585403
[서울 마포] 팔딱스시,https://xn--939au0g4vj8sq.net/cp/?id=1585255
[서울 서초] 시래향,https://xn--939au0g4vj8sq.net/cp/?id=1585606
[서울 관악] 일미,https://xn--939au0g4vj8sq.net/cp/?id=1585631
[서울 용산] 돌삼카페 삼각지점,https://xn--939au0g4vj8sq.net/cp/?id=1585845
[서울 동대문] 카페시사,https://xn--939au0g4vj8sq.net/cp/?id=1585477
[서울 성북] 슬로미,https://xn--939au0g4vj8sq.net/cp/?id=1585415
[서울 마포] 아초바,https://xn--939au0g4vj8sq.net/cp/?id=1585860
[서울 노원] 풍운일식,https://xn--939au0g4vj8sq.net/cp/?id=1585740
[서울 도봉] 팔도국밥,https://xn--939au0g4vj8sq.net/cp/?id=1585985
[서울 강서] 뿔난황소곱창 강서구청점,https://xn--939au0g4vj8sq.net/cp/?id=1586477
[서울 관악] 진안흑돼지농장,https://xn--939au0g4vj8sq.net/cp/?id=1585172
[서울 영등포] 낭로,https://xn--939au0g4vj8sq.net/cp/?id=1585362
[서울 강북] 윤가네고기창고,https://xn--939au0g4vj8sq.net/cp/?id=1585709
[서울 성북] 카페잇트,https://xn--939au0g4vj8sq.net/cp/?id=1586175
[서울 관악] 우마,https://xn--939au0g4vj8sq.net/cp/?id=1585632
[서울 동작] 용주골생고기,https://xn--939au0g4vj8sq.net/cp/?id=1586000
[서울 송파] 더스윙 블랙 위례점,https://xn--939au0g4vj8sq.net/cp/?id=1584624
[서울 중구] 세광양대창 시청점,https://xn--939au0g4vj8sq.net/cp/?id=1585408
[서울 관악] 알케미,https://xn--939au0g4vj8sq.net/cp/?id=1585123
[서울 서초] 로미야,https://xn--939au0g4vj8sq.net/cp/?id=1584849
[서울 서초] 신의주왕족발순대국,https://xn--939au0g4vj8sq.net/cp/?id=1585513
[서울 서대문] 미사일부대찌개,https://xn--939au0g4vj8sq.net/cp/?id=1584939
[서울 강동] 우드멜로우,https://xn--939au0g4vj8sq.net/cp/?id=1585441
[서울 서초] 카페슬로우,https://xn--939au0g4vj8sq.net/cp/?id=1584843
[서울 서초] 정고기,https://xn--939au0g4vj8sq.net/cp/?id=1584919
[서울 용산] FOTO Studio Winebar,https://xn--939au0g4vj8sq.net/cp/?id=1585111
[서울 종로] 서울식당 소갈비살 종로3가점,https://xn--939au0g4vj8sq.net/cp/?id=1584606
[서울 마포] 연남주막1987,https://xn--939au0g4vj8sq.net/cp/?id=1585570
[서울 서대문] 홍제동 소한마리,https://xn--939au0g4vj8sq.net/cp/?id=1586127
[서울 강남] 아이수마,https://xn--939au0g4vj8sq.net/cp/?id=1586079
[서울 마포] 픽셀,https://xn--939au0g4vj8sq.net/cp/?id=1585815
[서울 종로] 신옛찻집,https://xn--939au0g4vj8sq.net/cp/?id=1585601
[서울 마포] 해옫 합정,https://xn--939au0g4vj8sq.net/cp/?id=1585504
[서울 금천] 서천집,https://xn--939au0g4vj8sq.net/cp/?id=1585043
[서울 강동] 역전할머니맥주 천호점,https://xn--939au0g4vj8sq.net/cp/?id=1585032
[서울 중랑] 소풍가는날 중랑점,https://xn--939au0g4vj8sq.net/cp/?id=1585094
[서울 강서] 인연포차,https://xn--939au0g4vj8sq.net/cp/?id=1585447
[서울 강남] 그우동집 도곡점,https://xn--939au0g4vj8sq.net/cp/?id=1585858
[서울 동작] 램타운양꼬치 사당점,https://xn--939au0g4vj8sq.net/cp/?id=1585689
[서울 동작] 마포주먹생고기,https://xn--939au0g4vj8sq.net/cp/?id=1585561
[서울 성북] 한근더한근,https://xn--939au0g4vj8sq.net/cp/?id=1585596
[서울 영등포] 올라나뚜랄 우노,https://xn--939au0g4vj8sq.net/cp/?id=1584731
[서울 마포] 연남취향,https://xn--939au0g4vj8sq.net/cp/?id=1584660
[서울 동대문] 고가네곱창,https://xn--939au0g4vj8sq.net/cp/?id=1585284
[서울 강남] 식호락 신사본점,https://xn--939au0g4vj8sq.net/cp/?id=1584899
[서울 은평] 오뎅에 꼬치닭,https://xn--939au0g4vj8sq.net/cp/?id=1585600
[서울 노원] 숲,https://xn--939au0g4vj8sq.net/cp/?id=1584767
[서울 강남] 양철지붕 본점,https://xn--939au0g4vj8sq.net/cp/?id=1585122
[서울 강동] 철길부산집 길동점,https://xn--939au0g4vj8sq.net/cp/?id=1585002
[서울 강남] 오쭈 강남점,https://xn--939au0g4vj8sq.net/cp/?id=1585691
[서울 마포] 중화복춘 골드,https://xn--939au0g4vj8sq.net/cp/?id=1584948
[서울 강동] 포차당,https://xn--939au0g4vj8sq.net/cp/?id=1584872
[서울 성북] 늘안암,https://xn--939au0g4vj8sq.net/cp/?id=1585831
[서울 용산] 미우미가,https://xn--939au0g4vj8sq.net/cp/?id=1585076
[서울 서초] 리에또,https://xn--939au0g4vj8sq.net/cp/?id=1585383
[서울 강남] 영삼이네우정소갈비 코엑스점,https://xn--939au0g4vj8sq.net/cp/?id=1585430
[서울 서초] 콘체르토,https://xn--939au0g4vj8sq.net/cp/?id=1585981
[서울 종로] 무위낙원,https://xn--939au0g4vj8sq.net/cp/?id=1586060
[서울 서초] 강고집 사당본점,https://xn--939au0g4vj8sq.net/cp/?id=1585833
[서울 성동] 오프트 성수,https://xn--939au0g4vj8sq.net/cp/?id=1585607
[서울 영등포] 여의도우삼겹집,https://xn--939au0g4vj8sq.net/cp/?id=1584559
[서울 중구] 해포,https://xn--939au0g4vj8sq.net/cp/?id=1586461
[서울 마포] 무제 홍대점,https://xn--939au0g4vj8sq.net/cp/?id=1585389
[서울 용산] 만선호프 한남점,https://xn--939au0g4vj8sq.net/cp/?id=1585024
[서울 중구] 오비타임,https://xn--939au0g4vj8sq.net/cp/?id=1584675
[서울 강남] 모리,https://xn--939au0g4vj8sq.net/cp/?id=1585726
[서울 강남] 라보,https://xn--939au0g4vj8sq.net/cp/?id=1585672
[서울 노원] 이상봉참치,https://xn--939au0g4vj8sq.net/cp/?id=1586090
[서울 서초] 한양화로 서초교대점,https://xn--939au0g4vj8sq.net/cp/?id=1585017
[서울 성동] 찐미 숯불구이,https://xn--939au0g4vj8sq.net/cp/?id=1585896
[서울 서초] 오토코 교대점,https://xn--939au0g4vj8sq.net/cp/?id=1585119
[서울 용산] 야주,https://xn--939au0g4vj8sq.net/cp/?id=1585064
[서울 중구] 잘루스,https://xn--939au0g4vj8sq.net/cp/?id=1584732
[서울 강서] 본아미,https://xn--939au0g4vj8sq.net/cp/?id=1584977
[서울 송파] 동천곱창,https://xn--939au0g4vj8sq.net/cp/?id=1585934
[서울 금천] 마린보이코다리1번가 동태해물찜 가산점,https://xn--939au0g4vj8sq.net/cp/?id=1586054
[서울 서초] 광해쭈꾸미,https://xn--939au0g4vj8sq.net/cp/?id=1585353
[서울 강동] 대박소망수산 상일점,https://xn--939au0g4vj8sq.net/cp/?id=1585062
[서울 양천] 리얼파스타 목동점,https://xn--939au0g4vj8sq.net/cp/?id=1584832
[서울 마포] 마포오리농장,https://xn--939au0g4vj8sq.net/cp/?id=1584761
[서울 서초] 만리향,https://xn--939au0g4vj8sq.net/cp/?id=1585526
[서울 성동] 투카츠,https://xn--939au0g4vj8sq.net/cp/?id=1585710
[서울 노원] 허브앤솔 노원중계점,https://xn--939au0g4vj8sq.net/cp/?id=1585879
[서울 구로] 김가네곱창구이,https://xn--939au0g4vj8sq.net/cp/?id=1584981
[서울 강남] 페어리플로스,https://xn--939au0g4vj8sq.net/cp/?id=1583858
[서울 성동] 스시이치바,https://xn--939au0g4vj8sq.net/cp/?id=1584151
[서울 도봉] 창동닭한마리,https://xn--939au0g4vj8sq.net/cp/?id=1583821
[서울 광진] 아드프커피로스터스,https://xn--939au0g4vj8sq.net/cp/?id=1584211
[서울 성북] 최대패 성신여대점,https://xn--939au0g4vj8sq.net/cp/?id=1582974
[서울 강북] 장원손칼국수전문,https://xn--939au0g4vj8sq.net/cp/?id=1584334
[서울 강동] 왕대포,https://xn--939au0g4vj8sq.net/cp/?id=1584275
[서울 성동] 세이보리플레이트,https://xn--939au0g4vj8sq.net/cp/?id=1584013
[서울 서초] 닭갈비전,https://xn--939au0g4vj8sq.net/cp/?id=1584378
[서울 종로] 왕초바베큐 종로점,https://xn--939au0g4vj8sq.net/cp/?id=1582658
[서울 강서] 숙성회관,https://xn--939au0g4vj8sq.net/cp/?id=1583844
[서울 마포] 아이엠베이글 공덕점,https://xn--939au0g4vj8sq.net/cp/?id=1583223
[서울 강서] 쏭타이치앙마이 마곡직영점,https://xn--939au0g4vj8sq.net/cp/?id=1583022
[서울 서대문] 티앙팡 오후의 홍차,https://xn--939au0g4vj8sq.net/cp/?id=1584425
[서울 마포] 움버거앤윙스 상수역점,https://xn--939au0g4vj8sq.net/cp/?id=1583536
[서울 강남] 대치동집 강남점,https://xn--939au0g4vj8sq.net/cp/?id=1584102
[서울 노원] 토리긴,https://xn--939au0g4vj8sq.net/cp/?id=1582897
[서울 강서] 전집,https://xn--939au0g4vj8sq.net/cp/?id=1582716
[서울 성동] 충청도집,https://xn--939au0g4vj8sq.net/cp/?id=1584096
[서울 중랑] 이모네곱창,https://xn--939au0g4vj8sq.net/cp/?id=1583819
[서울 은평] 몬스터 쭈꾸미&부대찌개,https://xn--939au0g4vj8sq.net/cp/?id=1583827
[서울 종로] 하구,https://xn--939au0g4vj8sq.net/cp/?id=1584434
[서울 강서] 달인대보칼국수 등촌역점,https://xn--939au0g4vj8sq.net/cp/?id=1583305
[서울 강남] 술파남&파파남,https://xn--939au0g4vj8sq.net/cp/?id=1582794
[서울 동작] 레스트어와일,https://xn--939au0g4vj8sq.net/cp/?id=1583679
[서울 마포] 라라본국마라탕 본점,https://xn--939au0g4vj8sq.net/cp/?id=1583879
[서울 강북] 늘조은찬,https://xn--939au0g4vj8sq.net/cp/?id=1584459
[서울 성수동] 카페 아뉴,https://xn--939au0g4vj8sq.net/cp/?id=1583193
[서울 강남] 시퀀스,https://xn--939au0g4vj8sq.net/cp/?id=1584368
[서울 강동] 나무수 강일점,https://xn--939au0g4vj8sq.net/cp/?id=1584482
[서울 중구] 닭치고포차,https://xn--939au0g4vj8sq.net/cp/?id=1583833
[서울 강서] BLCTD 마곡,https://xn--939au0g4vj8sq.net/cp/?id=1583871
[서울 서대문] 놀숲 이대점,https://xn--939au0g4vj8sq.net/cp/?id=1583067
[서울 금천] 화우가,https://xn--939au0g4vj8sq.net/cp/?id=1583187
[서울 영등포] 대홍샤브샤브 영등포점,https://xn--939au0g4vj8sq.net/cp/?id=1584075
[서울 마포] 우이그,https://xn--939au0g4vj8sq.net/cp/?id=1584011
[서울 은평] 인생돈카츠,https://xn--939au0g4vj8sq.net/cp/?id=1583275
[서울 강서] 송화진순대국,https://xn--939au0g4vj8sq.net/cp/?id=1583605
[서울 관악] 샤브로21 신림,https://xn--939au0g4vj8sq.net/cp/?id=1583599
[서울 송파] 스시호,https://xn--939au0g4vj8sq.net/cp/?id=1584042
[서울 도봉] 1974 달밤,https://xn--939au0g4vj8sq.net/cp/?id=1583061
[서울 마포] Osds 연남,https://xn--939au0g4vj8sq.net/cp/?id=1583144
[서울 종로] 라무진 경복궁역점,https://xn--939au0g4vj8sq.net/cp/?id=1583522
[서울 은평] 제주마실,https://xn--939au0g4vj8sq.net/cp/?id=1583090
[서울 강남] 화이트 바,https://xn--939au0g4vj8sq.net/cp/?id=1582632
[서울 은평] 더브라운 바,https://xn--939au0g4vj8sq.net/cp/?id=1583718
[서울 강서] 화정양꼬치,https://xn--939au0g4vj8sq.net/cp/?id=1583183
[서울 구로] 먹자풍천민물장어,https://xn--939au0g4vj8sq.net/cp/?id=1583575
[서울 강동] 숯불갈비 화랑골,https://xn--939au0g4vj8sq.net/cp/?id=1582719
[서울 용산] 용산화로,https://xn--939au0g4vj8sq.net/cp/?id=1584105
[서울 마포] 형제특수부위,https://xn--939au0g4vj8sq.net/cp/?id=1583271
[서울 종로] 식껍 익선점,https://xn--939au0g4vj8sq.net/cp/?id=1584047
[서울 금천] 진케이,https://xn--939au0g4vj8sq.net/cp/?id=1583213
[서울 종로] 영삼이네 우정소갈비 서촌점,https://xn--939au0g4vj8sq.net/cp/?id=1583523
[서울 강남] 참치여행 강남본점,https://xn--939au0g4vj8sq.net/cp/?id=1582811
[서울 송파] 남해물고기 잠실새내점,https://xn--939au0g4vj8sq.net/cp/?id=1583217
[서울 강남] 사위식당 수서점,https://xn--939au0g4vj8sq.net/cp/?id=1583763
[서울 구로] 청록미나리식당 고척목동점,https://xn--939au0g4vj8sq.net/cp/?id=1583489
[서울 동대문] 완산골,https://xn--939au0g4vj8sq.net/cp/?id=1583677
[서울 종로] 꼬치밥,https://xn--939au0g4vj8sq.net/cp/?id=1583706
[서울 중랑] 그린플레이트 신내점,https://xn--939au0g4vj8sq.net/cp/?id=1584111
[서울 중구] 퍼퓰러 본점,https://xn--939au0g4vj8sq.net/cp/?id=1583387
[서울 구로] 도라무통즉석떡볶이 구로신도림점,https://xn--939au0g4vj8sq.net/cp/?id=1583570
[서울 관악] 호리도,https://xn--939au0g4vj8sq.net/cp/?id=1583980
[서울 서대문] 홍제상회,https://xn--939au0g4vj8sq.net/cp/?id=1583653
[서울 구로] 양궈푸마라탕 구로디지털점,https://xn--939au0g4vj8sq.net/cp/?id=1582884
[서울 성북] 술요미,https://xn--939au0g4vj8sq.net/cp/?id=1582981
[서울 마포] 대서리,https://xn--939au0g4vj8sq.net/cp/?id=1582656
[서울 금천] 대호정,https://xn--939au0g4vj8sq.net/cp/?id=1584489
[서울 용산] 맥주광장,https://xn--939au0g4vj8sq.net/cp/?id=1582834
[서울 관악] 야간얼큰우동 서울대입구점,https://xn--939au0g4vj8sq.net/cp/?id=1583932
[서울 송파] 고동경양 송리단길,https://xn--939au0g4vj8sq.net/cp/?id=1582721
[서울 마포] 정다운식당,https://xn--939au0g4vj8sq.net/cp/?id=1583723
[서울 광진] 그릴드패티,https://xn--939au0g4vj8sq.net/cp/?id=1584497
[서울 중구] 뽕사부 약수점,https://xn--939au0g4vj8sq.net/cp/?id=1583332
[서울 마포] 형제한우곱창 합정직영점,https://xn--939au0g4vj8sq.net/cp/?id=1584473
[서울 도봉] 한스친친 창동점,https://xn--939au0g4vj8sq.net/cp/?id=1583221
[서울 송파] 이레수산,https://xn--939au0g4vj8sq.net/cp/?id=1583383
[서울 광진] 고공 중곡점,https://xn--939au0g4vj8sq.net/cp/?id=1584288
[서울 은평] 더줌,https://xn--939au0g4vj8sq.net/cp/?id=1583567
[서울 중랑] 우소담 본점,https://xn--939au0g4vj8sq.net/cp/?id=1583973
[서울 성북] 중화요리 미각,https://xn--939au0g4vj8sq.net/cp/?id=1583220
[서울 용산] 쏭타이치앙마이,https://xn--939au0g4vj8sq.net/cp/?id=1583023
[서울 종로] 동숭숯불갈비,https://xn--939au0g4vj8sq.net/cp/?id=1582674
[서울 마포] 고쿠노야,https://xn--939au0g4vj8sq.net/cp/?id=1583735
[서울 종로] 이태리부대찌개 종각역점,https://xn--939au0g4vj8sq.net/cp/?id=1582920
[서울 은평] 커피리브,https://xn--939au0g4vj8sq.net/cp/?id=1583120
[서울 관악] 써니 냉삼,https://xn--939au0g4vj8sq.net/cp/?id=1584067
[서울 강서] 육채미,https://xn--939au0g4vj8sq.net/cp/?id=1583108
[서울 구로] 새벽감자탕 오류동점,https://xn--939au0g4vj8sq.net/cp/?id=1584115
[서울 마포] 데스페라도,https://xn--939au0g4vj8sq.net/cp/?id=1584116
[서울 성동] 호담설렁탕,https://xn--939au0g4vj8sq.net/cp/?id=1583651
[서울 중구] 미소로바다야끼,https://xn--939au0g4vj8sq.net/cp/?id=1582630
[서울 송파] 샘삼겹,https://xn--939au0g4vj8sq.net/cp/?id=1583598
[서울 강남] 솥내음 스타필드 코엑스몰점,https://xn--939au0g4vj8sq.net/cp/?id=1583828
[서울 강남] 구좌리얼크니손칼국수 강남대치직영점,https://xn--939au0g4vj8sq.net/cp/?id=1583119
[서울 관악] 셀레스트,https://xn--939au0g4vj8sq.net/cp/?id=1583914
[서울 노원] 치킨에꼬치다,https://xn--939au0g4vj8sq.net/cp/?id=1583250
[서울 동작] 주주총회,https://xn--939au0g4vj8sq.net/cp/?id=1583738
[서울 영등포] 79포차,https://xn--939au0g4vj8sq.net/cp/?id=1583554
[서울 동작] 베이크가든,https://xn--939au0g4vj8sq.net/cp/?id=1583306
[서울 마포] 리차드하우스 연남,https://xn--939au0g4vj8sq.net/cp/?id=1582686
[서울 마포] 더차이 공덕점,https://xn--939au0g4vj8sq.net/cp/?id=1583273
[서울 강남] 월참치,https://xn--939au0g4vj8sq.net/cp/?id=1584242
[서울 종로] 해운대달맞이빵,https://xn--939au0g4vj8sq.net/cp/?id=1583025
[서울 송파] 리파인 잠실방이점,https://xn--939au0g4vj8sq.net/cp/?id=1583214
[서울 종로] 쿠아타이푸드,https://xn--939au0g4vj8sq.net/cp/?id=1583897
[서울 강남] 나항,https://xn--939au0g4vj8sq.net/cp/?id=1582661
[서울 서초] P 포차장,https://xn--939au0g4vj8sq.net/cp/?id=1583557
[서울 동대문구] 백미향마라탕 고대점,https://xn--939au0g4vj8sq.net/cp/?id=1584200
[서울 노원] 비기닝 브레드,https://xn--939au0g4vj8sq.net/cp/?id=1583892
[서울 영등포] 3일 한우국밥 문래직영점,https://xn--939au0g4vj8sq.net/cp/?id=1583116
[서울 서초] 강남복칼국수,https://xn--939au0g4vj8sq.net/cp/?id=1583399
[서울 관악] 포차1979 신림본점,https://xn--939au0g4vj8sq.net/cp/?id=1584166
[서울 금천] 족발예찬 금천롯데캐슬점,https://xn--939au0g4vj8sq.net/cp/?id=1582796
[서울 마포] 멘야다이고미 홍대점,https://xn--939au0g4vj8sq.net/cp/?id=1583739
[서울 송파] 37.5 잠실점,https://xn--939au0g4vj8sq.net/cp/?id=1583358
[서울 중구] 매운여자,https://xn--939au0g4vj8sq.net/cp/?id=1584420
[서울 관악] 군산아구찜,https://xn--939au0g4vj8sq.net/cp/?id=1583521
[서울 관악] 어부사시가,https://xn--939au0g4vj8sq.net/cp/?id=1583762
[서울 강남] 옥토퍼스978,https://xn--939au0g4vj8sq.net/cp/?id=1583768
[서울 강남] 구일일 족발보쌈,https://xn--939au0g4vj8sq.net/cp/?id=1584392
[서울 강남] 꼬끼오 장작구이,https://xn--939au0g4vj8sq.net/cp/?id=1584101
[서울 송파] 평양만두한상,https://xn--939au0g4vj8sq.net/cp/?id=1584113
[서울 관악] 이가&6회말연어,https://xn--939au0g4vj8sq.net/cp/?id=1583089
[서울 노원] 공릉최고집순대국,https://xn--939au0g4vj8sq.net/cp/?id=1582672
[서울 영등포] 회마루,https://xn--939au0g4vj8sq.net/cp/?id=1584254
[서울 서초] 프랭크버거 방배점,https://xn--939au0g4vj8sq.net/cp/?id=1583686
[서울 마포] 나마나마 합정,https://xn--939au0g4vj8sq.net/cp/?id=1584168
[서울 성북] 한라산도새기 정릉점,https://xn--939au0g4vj8sq.net/cp/?id=1582929
[서울 강남] 이니스 와플,https://xn--939au0g4vj8sq.net/cp/?id=1583235
[서울 동대문] 부마족발보쌈 장안점,https://xn--939au0g4vj8sq.net/cp/?id=1583587
[서울 관악] 디저트문,https://xn--939au0g4vj8sq.net/cp/?id=1583406
[서울 송파] 고가우 잠실새내 본점,https://xn--939au0g4vj8sq.net/cp/?id=1583929
[서울 서대문] 하우스라운지,https://xn--939au0g4vj8sq.net/cp/?id=1582899
[서울 양천] 안동돼지갈비,https://xn--939au0g4vj8sq.net/cp/?id=1583851
[서울 종로] 스시마시따,https://xn--939au0g4vj8sq.net/cp/?id=1583701
[서울 중구] 요술가,https://xn--939au0g4vj8sq.net/cp/?id=1583667
[서울 종로] 애쉬빌베이커리,https://xn--939au0g4vj8sq.net/cp/?id=1583331
[서울 노원] 가장맛있는족발 공릉점,https://xn--939au0g4vj8sq.net/cp/?id=1584257
[서울 마포] 색다른한잔,https://xn--939au0g4vj8sq.net/cp/?id=1584169
[서울 동대문] 애넷포차,https://xn--939au0g4vj8sq.net/cp/?id=1583616
[서울 관악] 봉천동86032,https://xn--939au0g4vj8sq.net/cp/?id=1583586
[서울 광진] 두껍상회 직영본점,https://xn--939au0g4vj8sq.net/cp/?id=1583571
[서울 영등포] 새벽감자탕 본점,https://xn--939au0g4vj8sq.net/cp/?id=1583664
[서울 마포] 교집합,https://xn--939au0g4vj8sq.net/cp/?id=1583394
[서울 마포] 쿤댕,https://xn--939au0g4vj8sq.net/cp/?id=1583641
[서울 은평] 프롬하츠커피 응암점,https://xn--939au0g4vj8sq.net/cp/?id=1583549
[서울 강남] 댓짱돈까스 자곡점,https://xn--939au0g4vj8sq.net/cp/?id=1583566
[서울 강서] 읍천리382 개화산점,https://xn--939au0g4vj8sq.net/cp/?id=1584463
[서울 강북] 씨앤씨왁싱 수유역점,https://xn--939au0g4vj8sq.net/cp/?id=1583750
[서울 동대문] 엄나무골,https://xn--939au0g4vj8sq.net/cp/?id=1583907
[서울 강남] 쿠라우니,https://xn--939au0g4vj8sq.net/cp/?id=1583834
[서울 용산] cleopatra lounge cafe,https://xn--939au0g4vj8sq.net/cp/?id=1583555
[서울 강남] 샤브쌈주머니 서울강남점,https://xn--939au0g4vj8sq.net/cp/?id=1582651
[서울 동작] 원조미스터꼼장어쭈꾸미,https://xn--939au0g4vj8sq.net/cp/?id=1584326
[서울 종로] 가배랑솜 인사동 카페,https://xn--939au0g4vj8sq.net/cp/?id=1584023
[서울 금천] 중앙기름,https://xn--939au0g4vj8sq.net/cp/?id=1584112
[서울 종로] 카페랑솜,https://xn--939au0g4vj8sq.net/cp/?id=1584209
[서울 강북] 수유대왕솥뚜껑 삼겹살,https://xn--939au0g4vj8sq.net/cp/?id=1583100
[서울 관악] 구로곱창,https://xn--939au0g4vj8sq.net/cp/?id=1582817
[서울 강남] 위로,https://xn--939au0g4vj8sq.net/cp/?id=1583625
[서울 강남] 키노에다,https://xn--939au0g4vj8sq.net/cp/?id=1582914
[서울 노원] 청도양꼬치 노원점,https://xn--939au0g4vj8sq.net/cp/?id=1583283
[서울 금천] 명가 소갈비,https://xn--939au0g4vj8sq.net/cp/?id=1583222
[서울 서초] 우테이,https://xn--939au0g4vj8sq.net/cp/?id=1583185
[서울 영등포] 레드문호프,https://xn--939au0g4vj8sq.net/cp/?id=1584297
[서울 서대문] 한촌설렁탕 북가좌점,https://xn--939au0g4vj8sq.net/cp/?id=1582832
[서울 마포] 직화한상 상암DDMC점,https://xn--939au0g4vj8sq.net/cp/?id=1584441
[서울 은평] 강경불고기 응암점,https://xn--939au0g4vj8sq.net/cp/?id=1583753
[서울 양천] 산골막국수,https://xn--939au0g4vj8sq.net/cp/?id=1582881
[서울 용산] 쿠로이야,https://xn--939au0g4vj8sq.net/cp/?id=1584394
[서울 마포] 헤이죠지,https://xn--939au0g4vj8sq.net/cp/?id=1583088
[서울 강남] 매화램양꼬치,https://xn--939au0g4vj8sq.net/cp/?id=1583170
[서울 송파] 호니도니 가락점,https://xn--939au0g4vj8sq.net/cp/?id=1584026
[서울 강남] 무탈 압구정점,https://xn--939au0g4vj8sq.net/cp/?id=1583885
[서울 은평] 성북동왕의돈까스 본점,https://xn--939au0g4vj8sq.net/cp/?id=1583886
[서울 서초] 석문어 신사점,https://xn--939au0g4vj8sq.net/cp/?id=1583991
[서울 용산] 도나르,https://xn--939au0g4vj8sq.net/cp/?id=1583893
[서울 서대문] 관식당,https://xn--939au0g4vj8sq.net/cp/?id=1584423
[서울 노원] 구름에 달가듯이,https://xn--939au0g4vj8sq.net/cp/?id=1583688
[서울 양천] 스시범 목동점,https://xn--939au0g4vj8sq.net/cp/?id=1583197
[서울 송파] 세이야,https://xn--939au0g4vj8sq.net/cp/?id=1583697
[서울 노원] 감악산참숯소금구이 당고개점,https://xn--939au0g4vj8sq.net/cp/?id=1584284
[서울 송파] 퍼녀,https://xn--939au0g4vj8sq.net/cp/?id=1583928
[서울 광진] 개인취향,https://xn--939au0g4vj8sq.net/cp/?id=1583419
[서울 강서] 강창구찹쌀진순대 가양역점,https://xn--939au0g4vj8sq.net/cp/?id=1583559
[서울 강남] 양궈푸마라탕 역삼1호점,https://xn--939au0g4vj8sq.net/cp/?id=1582937
[서울 서대문] 본솔커피 연희점,https://xn--939au0g4vj8sq.net/cp/?id=1584426
[서울 광진] 오사카고양이 건대점,https://xn--939au0g4vj8sq.net/cp/?id=1583066
"[서울 금천] 과일에반하다,프루타 금천점",https://xn--939au0g4vj8sq.net/cp/?id=1583743
[서울 송파] 정통숯불꼬치구이구르메 개롱점,https://xn--939au0g4vj8sq.net/cp/?id=1583542
[서울 성동] 고공 성수본점,https://xn--939au0g4vj8sq.net/cp/?id=1584287
[서울 강서] 지원산시도삭면,https://xn--939au0g4vj8sq.net/cp/?id=1582894
[서울 노원] 포앤시드니 중계점,https://xn--939au0g4vj8sq.net/cp/?id=1584348
[서울 강동] 개성손만두메밀소바전문점 강동점,https://xn--939au0g4vj8sq.net/cp/?id=1583560
[서울 송파] 퍼플독 송파본점,https://xn--939au0g4vj8sq.net/cp/?id=1582898
[서울 마포] 어림촌,https://xn--939au0g4vj8sq.net/cp/?id=1583699
[서울 강동] 모서리 길동점,https://xn--939au0g4vj8sq.net/cp/?id=1583059
[서울 서초] 샤브리샤브샤브,https://xn--939au0g4vj8sq.net/cp/?id=1583014
[서울 서초] 미구,https://xn--939au0g4vj8sq.net/cp/?id=1583128
[서울 서대문] 나주어반,https://xn--939au0g4vj8sq.net/cp/?id=1583230
[서울 동대문] 일관,https://xn--939au0g4vj8sq.net/cp/?id=1584327
[서울 종로] 반기다,https://xn--939au0g4vj8sq.net/cp/?id=1583583
[서울 강남] 고끌림 2호점,https://xn--939au0g4vj8sq.net/cp/?id=1584061
[서울 마포] 열정타코 망원점,https://xn--939au0g4vj8sq.net/cp/?id=1584436
[서울 마포] 디어리스트 연남,https://xn--939au0g4vj8sq.net/cp/?id=1583028
[서울 관악] 전라도시네마,https://xn--939au0g4vj8sq.net/cp/?id=1582669
[서울 금천] 술까락,https://xn--939au0g4vj8sq.net/cp/?id=1583867
[서울 용산] 집집,https://xn--939au0g4vj8sq.net/cp/?id=1583868
[서울 관악] 킹스꼬마김밥 봉천점,https://xn--939au0g4vj8sq.net/cp/?id=1582666
[서울 종로] 소문난마산아구,https://xn--939au0g4vj8sq.net/cp/?id=1583393
[서울 마포] 열정타코,https://xn--939au0g4vj8sq.net/cp/?id=1584449
[서울 금천] 다도해수산,https://xn--939au0g4vj8sq.net/cp/?id=1583457
[서울 용산] 신청파찹쌀순대,https://xn--939au0g4vj8sq.net/cp/?id=1583662
[서울 도봉] 창동꿀돼지,https://xn--939au0g4vj8sq.net/cp/?id=1583889
[서울 서초] 다미선 교대점,https://xn--939au0g4vj8sq.net/cp/?id=1584056
[서울 강남] 삼창교자,https://xn--939au0g4vj8sq.net/cp/?id=1584137
[서울 광진] 스튜디오고혹,https://xn--939au0g4vj8sq.net/cp/?id=1583832
[서울 마포] 합정유리,https://xn--939au0g4vj8sq.net/cp/?id=1584247
[서울 서대문] 일본식 중국식당 풍년,https://xn--939au0g4vj8sq.net/cp/?id=1583933
[서울 강남] 강남주막다방,https://xn--939au0g4vj8sq.net/cp/?id=1584143
[서울 강서] 솥고집 등촌역점,https://xn--939au0g4vj8sq.net/cp/?id=1583297
[서울 성북] 디어드립랩,https://xn--939au0g4vj8sq.net/cp/?id=1583935
[서울 양천] 이화양꼬치,https://xn--939au0g4vj8sq.net/cp/?id=1583948
[서울 성북] 밥마니,https://xn--939au0g4vj8sq.net/cp/?id=1583507
[서울 마포] 연남청춘,https://xn--939au0g4vj8sq.net/cp/?id=1584322
[서울 성북] 최우수,https://xn--939au0g4vj8sq.net/cp/?id=1584164
[서울 강남] 오후,https://xn--939au0g4vj8sq.net/cp/?id=1583241
[서울 금천] 옐로우캔 독산직영점,https://xn--939au0g4vj8sq.net/cp/?id=1583004
[서울 성동] 소나무(행당동),https://xn--939au0g4vj8sq.net/cp/?id=1583097
[서울 성북] 이가회포차,https://xn--939au0g4vj8sq.net/cp/?id=1583308
[서울 영등포] 듬박이찌개 영등포점,https://xn--939au0g4vj8sq.net/cp/?id=1582873
[서울 용산] 서서갈비남영점,https://xn--939au0g4vj8sq.net/cp/?id=1582837
[서울 강남] 평상술집,https://xn--939au0g4vj8sq.net/cp/?id=1584106
[서울 강서] 장성양갈비,https://xn--939au0g4vj8sq.net/cp/?id=1583242
[서울 중구] 충무로뚝배기,https://xn--939au0g4vj8sq.net/cp/?id=1583125
[서울 용산] 플러스84 이태원점,https://xn--939au0g4vj8sq.net/cp/?id=1583403
[서울 광진] 탕화쿵푸마라탕 건대입구점,https://xn--939au0g4vj8sq.net/cp/?id=1583243
[서울 송파] 한우마트정육식당,https://xn--939au0g4vj8sq.net/cp/?id=1583287
[서울 종로] 77년생 곱도리전골식당 창신점,https://xn--939au0g4vj8sq.net/cp/?id=1583443
[서울 성북] 와이인,https://xn--939au0g4vj8sq.net/cp/?id=1584417
[서울 중구] 개미집 순대국전문,https://xn--939au0g4vj8sq.net/cp/?id=1584263
[서울 관악] 이레삼계탕,https://xn--939au0g4vj8sq.net/cp/?id=1583627
[서울 성북] 오향돈돼지,https://xn--939au0g4vj8sq.net/cp/?id=1584170
[서울 마포] 미도사와,https://xn--939au0g4vj8sq.net/cp/?id=1583485
[서울 강북] 미아리 곰장어 아나고,https://xn--939au0g4vj8sq.net/cp/?id=1584461
[서울 강서] 용달통닭 등촌직영점,https://xn--939au0g4vj8sq.net/cp/?id=1583272
[서울 광진] 광나루순대,https://xn--939au0g4vj8sq.net/cp/?id=1583138
[서울 중랑] 일비족발,https://xn--939au0g4vj8sq.net/cp/?id=1582723
[서울 동작] 양궈푸마라탕 중앙대점,https://xn--939au0g4vj8sq.net/cp/?id=1584178
[서울 동대문] 중국전통마라탕마라샹궈 경희대점,https://xn--939au0g4vj8sq.net/cp/?id=1583350
[서울 종로] 종로바베큐 보쌈 삼겹살,https://xn--939au0g4vj8sq.net/cp/?id=1583733
[서울 강남] 3일한우국밥 역삼직영점,https://xn--939au0g4vj8sq.net/cp/?id=1583117
[서울 성동] 긴자료코 한양대점,https://xn--939au0g4vj8sq.net/cp/?id=1584103
[서울 동대문] 쏘맥치기 본점,https://xn--939au0g4vj8sq.net/cp/?id=1584162
[서울 마포] 미크플로 홍대점,https://xn--939au0g4vj8sq.net/cp/?id=1583582
[서울 성동] 달주막창,https://xn--939au0g4vj8sq.net/cp/?id=1583469
[서울 서초] 서초면옥 서초본점,https://xn--939au0g4vj8sq.net/cp/?id=1584108
[서울 마포] 야키토리 고꼬연남,https://xn--939au0g4vj8sq.net/cp/?id=1583883
[서울 종로] 맷돌로만 신설동점,https://xn--939au0g4vj8sq.net/cp/?id=1583981
[서울 관악] 미자네(서원동),https://xn--939au0g4vj8sq.net/cp/?id=1582879
[서울 양천] 달 DAL,https://xn--939au0g4vj8sq.net/cp/?id=1583210
[서울 영등포] 모건,https://xn--939au0g4vj8sq.net/cp/?id=1583395
[서울 영등포] 미노리,https://xn--939au0g4vj8sq.net/cp/?id=1583207
[서울 동작] 계림원 상도점,https://xn--939au0g4vj8sq.net/cp/?id=1584286
[서울 마포] 닭장수김밥 서강대점,https://xn--939au0g4vj8sq.net/cp/?id=1582633
[서울 동작] 기역니은디귿제빵점,https://xn--939au0g4vj8sq.net/cp/?id=1583416
[서울 서초] 킹무까타,https://xn--939au0g4vj8sq.net/cp/?id=1583978
[서울 중구] 명품을지순대국,https://xn--939au0g4vj8sq.net/cp/?id=1582928
[서울 동작] 원조부안집 남성점,https://xn--939au0g4vj8sq.net/cp/?id=1581999
[서울 송파] 골드참치,https://xn--939au0g4vj8sq.net/cp/?id=1582561
[서울 금천] 마쯔,https://xn--939au0g4vj8sq.net/cp/?id=1581603
[서울 강남] 홍성원,https://xn--939au0g4vj8sq.net/cp/?id=1581348
[서울 송파] 송리단취향,https://xn--939au0g4vj8sq.net/cp/?id=1581025
[서울 서초] 테라스 와인바&레스토랑,https://xn--939au0g4vj8sq.net/cp/?id=1581371
[서울 성동] 백선장레알꽃게장왕십리점,https://xn--939au0g4vj8sq.net/cp/?id=1581095
[서울 용산] 플로우 이태원,https://xn--939au0g4vj8sq.net/cp/?id=1581879
[서울 송파] 200도,https://xn--939au0g4vj8sq.net/cp/?id=1582293
[서울 송파] 순대고집,https://xn--939au0g4vj8sq.net/cp/?id=1581711
[서울 광진] 흐릇,https://xn--939au0g4vj8sq.net/cp/?id=1581633
[서울 송파] 왕가갈비곰탕,https://xn--939au0g4vj8sq.net/cp/?id=1581841
[서울 강동] 에그홀릭 길동점,https://xn--939au0g4vj8sq.net/cp/?id=1581585
[서울 도봉] 금빛바다,https://xn--939au0g4vj8sq.net/cp/?id=1580992
[서울 마포] 스시노칸도 홍대점,https://xn--939au0g4vj8sq.net/cp/?id=1581074
[서울 강서] 계원집,https://xn--939au0g4vj8sq.net/cp/?id=1581760
[서울 성동] 바람부리명태찜 금호점,https://xn--939au0g4vj8sq.net/cp/?id=1582343
[서울 마포] 달리181 상암점,https://xn--939au0g4vj8sq.net/cp/?id=1582034
[서울 마포] 청록미나리식당 상암점,https://xn--939au0g4vj8sq.net/cp/?id=1582386
[서울 마포] 텍사스,https://xn--939au0g4vj8sq.net/cp/?id=1582018
[서울 성동] 연평도꽃게아구낙지,https://xn--939au0g4vj8sq.net/cp/?id=1582500
[서울 마포] 히로,https://xn--939au0g4vj8sq.net/cp/?id=1582522
[서울 강서] 변두리 로바타,https://xn--939au0g4vj8sq.net/cp/?id=1582133
[서울 중구] 형제들 투도어펀,https://xn--939au0g4vj8sq.net/cp/?id=1581560
[서울 금천] 땡3,https://xn--939au0g4vj8sq.net/cp/?id=1581339
[서울 강북] 순이네벌교꼬막 미아본점,https://xn--939au0g4vj8sq.net/cp/?id=1581034
[서울 마포] 프리스타일,https://xn--939au0g4vj8sq.net/cp/?id=1582024
[서울 광진] 천미방 마라탕,https://xn--939au0g4vj8sq.net/cp/?id=1581794
[서울 송파] 빌리엔젤 문정동대명사옥점,https://xn--939au0g4vj8sq.net/cp/?id=1581750
[서울 성동] 철길부산집 한양대점,https://xn--939au0g4vj8sq.net/cp/?id=1581628
[서울 종로] 에스프레소바 오덕새 율곡로,https://xn--939au0g4vj8sq.net/cp/?id=1582172
[서울 광진] 효요일,https://xn--939au0g4vj8sq.net/cp/?id=1580916
[서울 중구] 토리노 라스베가스,https://xn--939au0g4vj8sq.net/cp/?id=1581396
[서울 종로] 삼해집 종로점,https://xn--939au0g4vj8sq.net/cp/?id=1581084
[서울 성동] 서산 산꽃게,https://xn--939au0g4vj8sq.net/cp/?id=1582059
[서울 중랑] 먼투썬피자 중화역점,https://xn--939au0g4vj8sq.net/cp/?id=1581499
[서울 성동] 베쌀집,https://xn--939au0g4vj8sq.net/cp/?id=1581290
[서울 서초] 삼삼뼈국 양재점,https://xn--939au0g4vj8sq.net/cp/?id=1580932
[서울 강북] 처음본 명품민물장어 수유시장점,https://xn--939au0g4vj8sq.net/cp/?id=1581040
[서울 서초] 이배산 숯불구이,https://xn--939au0g4vj8sq.net/cp/?id=1581752
[서울 송파] 로만티쿠스,https://xn--939au0g4vj8sq.net/cp/?id=1582406
[서울 강남] 삼대족발,https://xn--939au0g4vj8sq.net/cp/?id=1582775
[서울 강남] 엠투포차 강남역점,https://xn--939au0g4vj8sq.net/cp/?id=1582126
[서울 광진] 군자오리촌,https://xn--939au0g4vj8sq.net/cp/?id=1582568
[서울 중구] 참복집,https://xn--939au0g4vj8sq.net/cp/?id=1582785
[서울 종로] 야젠 3호점,https://xn--939au0g4vj8sq.net/cp/?id=1581114
[서울 송파] 대취 방이점,https://xn--939au0g4vj8sq.net/cp/?id=1581830
[서울 강남] 베어글스 역삼,https://xn--939au0g4vj8sq.net/cp/?id=1581598
[서울 마포] 데누 쇼룸 앤 카페,https://xn--939au0g4vj8sq.net/cp/?id=1581402
[서울 광진] 카페롱(화양동),https://xn--939au0g4vj8sq.net/cp/?id=1580971
[서울 영등포] 테이블스 영등포구청점,https://xn--939au0g4vj8sq.net/cp/?id=1581522
[서울 성동] 길상참숯양갈비,https://xn--939au0g4vj8sq.net/cp/?id=1582528
[서울 강북] 삼양동뒷고기,https://xn--939au0g4vj8sq.net/cp/?id=1582057
[서울 광진] 쏘시지요,https://xn--939au0g4vj8sq.net/cp/?id=1582441
[서울 마포] 가족식탁,https://xn--939au0g4vj8sq.net/cp/?id=1582518
[서울 강북] 스시도리 수유점,https://xn--939au0g4vj8sq.net/cp/?id=1582360
[서울 성동] 뜨아아아커피집,https://xn--939au0g4vj8sq.net/cp/?id=1582465
[서울 관악] 상군이네고깃집,https://xn--939au0g4vj8sq.net/cp/?id=1582505
[서울 성북] 이춘봉인생치킨 성신여대점,https://xn--939au0g4vj8sq.net/cp/?id=1582559
[서울 강남] 오성식당,https://xn--939au0g4vj8sq.net/cp/?id=1580919
[서울 광진] 스미야끼,https://xn--939au0g4vj8sq.net/cp/?id=1581639
[서울 마포] 홈스윗홈,https://xn--939au0g4vj8sq.net/cp/?id=1581663
[서울 중랑] 소문난 황칠 순대국 왕족발,https://xn--939au0g4vj8sq.net/cp/?id=1582298
[서울 강동] 주한상,https://xn--939au0g4vj8sq.net/cp/?id=1581751
[서울 관악] 오르커피로스터스,https://xn--939au0g4vj8sq.net/cp/?id=1581996
[서울 송파] 포인테커피,https://xn--939au0g4vj8sq.net/cp/?id=1581038
[서울 종로] 더쌍화,https://xn--939au0g4vj8sq.net/cp/?id=1582498
[서울 구로] 맷돌로만 구로점,https://xn--939au0g4vj8sq.net/cp/?id=1581361
[서울 동작] 스시투고 상도점,https://xn--939au0g4vj8sq.net/cp/?id=1582235
[서울 관악] 정숙성,https://xn--939au0g4vj8sq.net/cp/?id=1582552
[서울 성동] 고고치킨 본점,https://xn--939au0g4vj8sq.net/cp/?id=1581449
[서울 동작] 노량진수산시장 청양수산 횟집,https://xn--939au0g4vj8sq.net/cp/?id=1581959
[서울 서대문] 신소살,https://xn--939au0g4vj8sq.net/cp/?id=1582316
[서울 성동] 토리무라 성수본점,https://xn--939au0g4vj8sq.net/cp/?id=1583033
[서울 동대문] 그놈포차 서울장안점,https://xn--939au0g4vj8sq.net/cp/?id=1583049
[서울 강남] 열짬뽕 웰차인,https://xn--939au0g4vj8sq.net/cp/?id=1582496
[서울 구로] 보배반점 구로점,https://xn--939au0g4vj8sq.net/cp/?id=1582460
[서울 구로] 협동백반집,https://xn--939au0g4vj8sq.net/cp/?id=1582242
[서울 서대문] 이대역3번출구수라의열정5,https://xn--939au0g4vj8sq.net/cp/?id=1581775
[서울 동작] 원조감자탕일미집 보라매점,https://xn--939au0g4vj8sq.net/cp/?id=1581712
[서울 종로] 꽃백숙,https://xn--939au0g4vj8sq.net/cp/?id=1581443
[서울 영등포] 디데이원,https://xn--939au0g4vj8sq.net/cp/?id=1582366
[서울 종로] 야젠 1호점,https://xn--939au0g4vj8sq.net/cp/?id=1581115
[서울 강남] 춘리마라탕 압구정점,https://xn--939au0g4vj8sq.net/cp/?id=1581417
[서울 영등포] 26도헤어 문래역점,https://xn--939au0g4vj8sq.net/cp/?id=1582263
[서울 구로] 라멘에반하다 태평양물산점,https://xn--939au0g4vj8sq.net/cp/?id=1582193
[서울 마포] 오퍼 카페,https://xn--939au0g4vj8sq.net/cp/?id=1582486
[서울 성북] 떡볶이심리학,https://xn--939au0g4vj8sq.net/cp/?id=1582206
[서울 중구] 엠프티랩CAFE,https://xn--939au0g4vj8sq.net/cp/?id=1581517
[서울 강남] 쭈꾸미랩소디 강남점,https://xn--939au0g4vj8sq.net/cp/?id=1582189
[서울 송파] 더카페 송파가락점,https://xn--939au0g4vj8sq.net/cp/?id=1582558
[서울 마포] 테즈쿠리,https://xn--939au0g4vj8sq.net/cp/?id=1581480
[서울 성북] 예술관 성신여대점,https://xn--939au0g4vj8sq.net/cp/?id=1581067
[서울 마포] 스니프,https://xn--939au0g4vj8sq.net/cp/?id=1582582
[서울 강북] 무명,https://xn--939au0g4vj8sq.net/cp/?id=1581697
[서울 강서] 개나리식당,https://xn--939au0g4vj8sq.net/cp/?id=1580927
[서울 마포] 홍대IN파스타,https://xn--939au0g4vj8sq.net/cp/?id=1581946
[서울 영등포] 하이볼앤드림,https://xn--939au0g4vj8sq.net/cp/?id=1582205
[서울 도봉] 미스터숯불꼬치 방학점,https://xn--939au0g4vj8sq.net/cp/?id=1581611
[서울 종로] 익선애뜻,https://xn--939au0g4vj8sq.net/cp/?id=1581026
[서울 관악] 조원녹두삼계탕,https://xn--939au0g4vj8sq.net/cp/?id=1582361
[서울 성동] 함흥냉면전문점,https://xn--939au0g4vj8sq.net/cp/?id=1582245
[서울 중구] 구르카 인도레스토랑,https://xn--939au0g4vj8sq.net/cp/?id=1582524
[서울 마포] 쉼표,https://xn--939au0g4vj8sq.net/cp/?id=1581066
[서울 동대문] 풍년식당,https://xn--939au0g4vj8sq.net/cp/?id=1582279
[서울 마포] 주문합정,https://xn--939au0g4vj8sq.net/cp/?id=1581577
[서울 성북] 경성고기꾼 성신여대점,https://xn--939au0g4vj8sq.net/cp/?id=1582195
[서울 종로] 홍어가막걸리를만났을때,https://xn--939au0g4vj8sq.net/cp/?id=1581746
[서울 중구] 기보감삼계탕앤호호미역,https://xn--939au0g4vj8sq.net/cp/?id=1581011
[서울 마포] 해머플레이스,https://xn--939au0g4vj8sq.net/cp/?id=1581504
[서울 중구] 카페91플러스,https://xn--939au0g4vj8sq.net/cp/?id=1581623
[서울 영등포] 호삼촌 영등포본점,https://xn--939au0g4vj8sq.net/cp/?id=1581518
[서울 성동] 호치킨 한양대점,https://xn--939au0g4vj8sq.net/cp/?id=1582184
[서울 마포] 도란,https://xn--939au0g4vj8sq.net/cp/?id=1581967
[서울 중구] 털보스테이크,https://xn--939au0g4vj8sq.net/cp/?id=1582509
[서울 강남] 나이스샤워 치유,https://xn--939au0g4vj8sq.net/cp/?id=1582435
[서울 송파] 무한리필 홍태관,https://xn--939au0g4vj8sq.net/cp/?id=1582064
[서울 성동] 토리아에즈 한양대점,https://xn--939au0g4vj8sq.net/cp/?id=1582411
[서울 중구] 을지로 라스베가스,https://xn--939au0g4vj8sq.net/cp/?id=1581395
[서울 금천] 호호샤브,https://xn--939au0g4vj8sq.net/cp/?id=1582028
[서울 강남] 란주쿠 삼성점,https://xn--939au0g4vj8sq.net/cp/?id=1581494
[서울 영등포] 명품소부장,https://xn--939au0g4vj8sq.net/cp/?id=1581917
[서울 마포] 브론시스,https://xn--939au0g4vj8sq.net/cp/?id=1581502
[서울 강동] 창(길동),https://xn--939au0g4vj8sq.net/cp/?id=1581634
[서울 강북] 스시훈 수유점,https://xn--939au0g4vj8sq.net/cp/?id=1582152
[서울 마포] 에노테카 몰토,https://xn--939au0g4vj8sq.net/cp/?id=1582306
[서울 중구] 양복점 신당점,https://xn--939au0g4vj8sq.net/cp/?id=1582381
[서울 송파] 파티나,https://xn--939au0g4vj8sq.net/cp/?id=1581877
[서울 용산] 칠사칠,https://xn--939au0g4vj8sq.net/cp/?id=1581495
[서울 영등포] 브라더매운갈비찜 문래본점,https://xn--939au0g4vj8sq.net/cp/?id=1581919
[서울 광진] 진국,https://xn--939au0g4vj8sq.net/cp/?id=1580909
[서울 영등포] 이고집 쭈꾸미 본점,https://xn--939au0g4vj8sq.net/cp/?id=1582215
[서울 강서] 또오리식당,https://xn--939au0g4vj8sq.net/cp/?id=1582554
[서울 강남] 육곱식당,https://xn--939au0g4vj8sq.net/cp/?id=1582569
[서울 서초] 그 우동집 본점,https://xn--939au0g4vj8sq.net/cp/?id=1581287
[서울 은평] 뭉텅 연신내점,https://xn--939au0g4vj8sq.net/cp/?id=1581679
[서울 관악] 치즈메이트,https://xn--939au0g4vj8sq.net/cp/?id=1580952
[서울 성동] 찬란한아구 왕십리점,https://xn--939au0g4vj8sq.net/cp/?id=1582007
[서울 강남] 도롱뇽,https://xn--939au0g4vj8sq.net/cp/?id=1582168
[서울 광진] 코이,https://xn--939au0g4vj8sq.net/cp/?id=1582106
[서울 강남] 청수횟집,https://xn--939au0g4vj8sq.net/cp/?id=1582008
"[서울 노원] 파삼,솥뚜껑삼겹살 노원점",https://xn--939au0g4vj8sq.net/cp/?id=1581819
[서울 중구] 윤참치,https://xn--939au0g4vj8sq.net/cp/?id=1581593
[서울 강서] 오르막베이커리,https://xn--939au0g4vj8sq.net/cp/?id=1581829
[서울 영등포] 코코스키 영등포점,https://xn--939au0g4vj8sq.net/cp/?id=1580923
[서울 서초] 이조불쭈꾸미,https://xn--939au0g4vj8sq.net/cp/?id=1581064
[서울 강남] 히키 본점,https://xn--939au0g4vj8sq.net/cp/?id=1582032
[서울 마포] 달빛소굴,https://xn--939au0g4vj8sq.net/cp/?id=1580974
[서울 동작] 오코노미스토리(노량진동),https://xn--939au0g4vj8sq.net/cp/?id=1582472
[서울 동대문] 등불집,https://xn--939au0g4vj8sq.net/cp/?id=1581851
[서울 도봉] 오늘도닭갈비 본점,https://xn--939au0g4vj8sq.net/cp/?id=1582494
[서울 성동] 마야,https://xn--939au0g4vj8sq.net/cp/?id=1581426
[서울 강서] 원참치,https://xn--939au0g4vj8sq.net/cp/?id=1582190
[서울 영등포] 삼해집 영등포점,https://xn--939au0g4vj8sq.net/cp/?id=1581747
[서울 마포] 카페 키노겐,https://xn--939au0g4vj8sq.net/cp/?id=1582320
[서울 성동] 샤블리 성수서울숲점,https://xn--939au0g4vj8sq.net/cp/?id=1582445
[서울 마포] 츄베릅,https://xn--939au0g4vj8sq.net/cp/?id=1582011
[서울 송파] 까사피에스타 송파본점,https://xn--939au0g4vj8sq.net/cp/?id=1581561
[서울 성동] 순심이네생삼겹,https://xn--939au0g4vj8sq.net/cp/?id=1581382
[서울 중랑] 맥주아비 상봉점,https://xn--939au0g4vj8sq.net/cp/?id=1582539
[서울 영등포] 케이브 제페니즈 다이닝&이자카야,https://xn--939au0g4vj8sq.net/cp/?id=1582516
[서울 관악] 궁극의 갈비살678,https://xn--939au0g4vj8sq.net/cp/?id=1582140
[서울 송파] 봉열소곱창,https://xn--939au0g4vj8sq.net/cp/?id=1581976
[서울 종로] 혜화 골목냉면,https://xn--939au0g4vj8sq.net/cp/?id=1581120
[서울 관악] 크래프트라인,https://xn--939au0g4vj8sq.net/cp/?id=1582015
[서울 성동] 일품백송칼국수,https://xn--939au0g4vj8sq.net/cp/?id=1582464
[서울 강서] 동일수산,https://xn--939au0g4vj8sq.net/cp/?id=1581835
[서울 용산] 마할로,https://xn--939au0g4vj8sq.net/cp/?id=1581366
[서울 강남] 더타코부스,https://xn--939au0g4vj8sq.net/cp/?id=1582176
[서울 송파] 대홍샤브샤브 잠실새내점,https://xn--939au0g4vj8sq.net/cp/?id=1582787
[서울 마포] 브라운시티 상수점,https://xn--939au0g4vj8sq.net/cp/?id=1580599
[서울 노원] 인생한밤,https://xn--939au0g4vj8sq.net/cp/?id=1581173
[서울 성동] 신전떡볶이 왕십리센트라스점,https://xn--939au0g4vj8sq.net/cp/?id=1580753
[서울 송파] 방이별관 잠실방이점,https://xn--939au0g4vj8sq.net/cp/?id=1580503
[서울 강동] 소담촌 강동역점,https://xn--939au0g4vj8sq.net/cp/?id=1580411
[서울 강서] 와일드트리,https://xn--939au0g4vj8sq.net/cp/?id=1580431
[서울 광진] 화성기무한리필샤브샤브,https://xn--939au0g4vj8sq.net/cp/?id=1579610
[서울 강남] 수다 청담점,https://xn--939au0g4vj8sq.net/cp/?id=1579656
[서울 중구] 알로,https://xn--939au0g4vj8sq.net/cp/?id=1580197
[서울 송파] 제주노을 참숯불집,https://xn--939au0g4vj8sq.net/cp/?id=1580773
[서울 송파] 정석식당,https://xn--939au0g4vj8sq.net/cp/?id=1579725
[서울 성동] 왕십리육감식당,https://xn--939au0g4vj8sq.net/cp/?id=1580270
[서울 광진] 젠젠 롯데백화점 건대스타시티점,https://xn--939au0g4vj8sq.net/cp/?id=1582062
[서울 마포] 돼지대학교 무한리필,https://xn--939au0g4vj8sq.net/cp/?id=1580700
[서울 관악] 엄지오뎅,https://xn--939au0g4vj8sq.net/cp/?id=1580421
[서울 마포] 장효서울,https://xn--939au0g4vj8sq.net/cp/?id=1580769
[서울 양천] 오목교곱창 목동본점,https://xn--939au0g4vj8sq.net/cp/?id=1580306
[서울 영등포] 토키,https://xn--939au0g4vj8sq.net/cp/?id=1580220
[서울 종로] 니로사레스토랑,https://xn--939au0g4vj8sq.net/cp/?id=1579782
[서울 동작] 와플러버,https://xn--939au0g4vj8sq.net/cp/?id=1581187
[서울 강남] 예술상회 선릉 냉동삼겹살,https://xn--939au0g4vj8sq.net/cp/?id=1580273
[서울 동대문] 맛EAT닭,https://xn--939au0g4vj8sq.net/cp/?id=1580540
[서울 강북] 동궁찜닭 수유미아점,https://xn--939au0g4vj8sq.net/cp/?id=1579691
[서울 영등포] 양산도 당산점,https://xn--939au0g4vj8sq.net/cp/?id=1580101
[서울 강남] 야키도리 수다,https://xn--939au0g4vj8sq.net/cp/?id=1579658
[서울 종로] 성차사진품보이차,https://xn--939au0g4vj8sq.net/cp/?id=1580237
[서울 영등포] 서울무교동낙지,https://xn--939au0g4vj8sq.net/cp/?id=1579778
[서울 서초] 수다 서래점,https://xn--939au0g4vj8sq.net/cp/?id=1579655
[서울 성동] 스시도쿠 왕십리본점,https://xn--939au0g4vj8sq.net/cp/?id=1580356
[서울 도봉] 갑식이네착한낙지,https://xn--939au0g4vj8sq.net/cp/?id=1580652
[서울 중구] 고냉지 회현점,https://xn--939au0g4vj8sq.net/cp/?id=1580592
[서울 서초] 순돌이네 통닭집,https://xn--939au0g4vj8sq.net/cp/?id=1580079
[서울 성북] 정직한우 정육식당,https://xn--939au0g4vj8sq.net/cp/?id=1580071
[서울 강북] 야경,https://xn--939au0g4vj8sq.net/cp/?id=1580564
[서울 마포] 김태완스시 마포본점,https://xn--939au0g4vj8sq.net/cp/?id=1579678
[서울 마포] 합정역탕후루,https://xn--939au0g4vj8sq.net/cp/?id=1581172
[서울 강남] 미면정 양재본점,https://xn--939au0g4vj8sq.net/cp/?id=1580542
[서울 광진] 미식광진 본관,https://xn--939au0g4vj8sq.net/cp/?id=1580167
[서울 강서] 올웨이즈 베이글,https://xn--939au0g4vj8sq.net/cp/?id=1580107
[서울 영등포] 플러피 여의도,https://xn--939au0g4vj8sq.net/cp/?id=1580106
[서울 종로] 콩나물국밥&코다리찜,https://xn--939au0g4vj8sq.net/cp/?id=1580655
[서울 강남] 에머이 한티점,https://xn--939au0g4vj8sq.net/cp/?id=1580824
[서울 영등포] 우리돼지 솥뚜껑 삼겹살,https://xn--939au0g4vj8sq.net/cp/?id=1580644
[서울 송파] 바 다빈치,https://xn--939au0g4vj8sq.net/cp/?id=1580504
[서울 송파] 홍자씨샌드위치 파크리오점,https://xn--939au0g4vj8sq.net/cp/?id=1580172
[서울 서초] 가운 소곱창,https://xn--939au0g4vj8sq.net/cp/?id=1580675
[서울 강남] 더제이케이키친박스 청담점,https://xn--939au0g4vj8sq.net/cp/?id=1579635
[서울 강남] 수다 대치점,https://xn--939au0g4vj8sq.net/cp/?id=1579652
[서울 서대문] 장위동유성집 서대문점,https://xn--939au0g4vj8sq.net/cp/?id=1579970
[서울 양천] 주막해물촌,https://xn--939au0g4vj8sq.net/cp/?id=1580004
[서울 구로] 문어부인삼교비,https://xn--939au0g4vj8sq.net/cp/?id=1580175
[서울 성북] 철수네 뽕잎칼국수&불쭈꾸미,https://xn--939au0g4vj8sq.net/cp/?id=1580621
[서울 광진] 153 구포국수 군자점,https://xn--939au0g4vj8sq.net/cp/?id=1579643
[서울 동작] 달길포차,https://xn--939au0g4vj8sq.net/cp/?id=1579693
[서울 양천] 오목교별장,https://xn--939au0g4vj8sq.net/cp/?id=1580083
[서울 서초] 키쿠카와 강남고속터미널점,https://xn--939au0g4vj8sq.net/cp/?id=1580097
[서울 종로] 편안한집,https://xn--939au0g4vj8sq.net/cp/?id=1580610
[서울 노원] 레브 스튜디오,https://xn--939au0g4vj8sq.net/cp/?id=1580709
[서울 강북] 고기싸롱 수유점,https://xn--939au0g4vj8sq.net/cp/?id=1580073
[서울 동작] 제이콥참치,https://xn--939au0g4vj8sq.net/cp/?id=1580665
[서울 종로] 꼬릿집,https://xn--939au0g4vj8sq.net/cp/?id=1580210
[서울 마포] 불마카세,https://xn--939au0g4vj8sq.net/cp/?id=1580157
[서울 송파] 매료쪽갈비찜 송파본점,https://xn--939au0g4vj8sq.net/cp/?id=1579931
[서울 서초] 낀티엔,https://xn--939au0g4vj8sq.net/cp/?id=1581183
[서울 금천] 닭촌장 숯불닭갈비,https://xn--939au0g4vj8sq.net/cp/?id=1580149
[서울 관악] 골든너겟 텍사스바베큐 펍,https://xn--939au0g4vj8sq.net/cp/?id=1580676
[서울 노원] 청정꼬막,https://xn--939au0g4vj8sq.net/cp/?id=1579975
[서울 성동] 이흥부오향족발,https://xn--939au0g4vj8sq.net/cp/?id=1580518
[서울 종로] 한옥랑솜 익선동카페,https://xn--939au0g4vj8sq.net/cp/?id=1579852
[서울 관악] 유캔두잇 서울대입구역점,https://xn--939au0g4vj8sq.net/cp/?id=1580436
[서울 종로] CAFE 종로시장,https://xn--939au0g4vj8sq.net/cp/?id=1580670
[서울 영등포] 장위동유성집 영등포점,https://xn--939au0g4vj8sq.net/cp/?id=1580064
[서울 강남] 트리블리 와인바,https://xn--939au0g4vj8sq.net/cp/?id=1580660
[서울 종로] 익선취향,https://xn--939au0g4vj8sq.net/cp/?id=1579660
[서울 성동] 갈매기의꿈,https://xn--939au0g4vj8sq.net/cp/?id=1580373
[서울 서대문] 디델리 이대점,https://xn--939au0g4vj8sq.net/cp/?id=1581178
[서울 광진] 안흥갈비 중곡점,https://xn--939au0g4vj8sq.net/cp/?id=1580317
[서울 강남] 강남감자탕해장국,https://xn--939au0g4vj8sq.net/cp/?id=1581177
[서울 영등포] 삼우치킨센타,https://xn--939au0g4vj8sq.net/cp/?id=1580406
[서울 은평] 호랭이술상,https://xn--939au0g4vj8sq.net/cp/?id=1579950
[서울 성동] 하마루,https://xn--939au0g4vj8sq.net/cp/?id=1580326
[서울 강남] 숨스,https://xn--939au0g4vj8sq.net/cp/?id=1580746
[서울 동대문] 정원식당,https://xn--939au0g4vj8sq.net/cp/?id=1581254
[서울 영등포] 금화쿵푸 마라탕 본점,https://xn--939au0g4vj8sq.net/cp/?id=1580637
[서울 관악] 한결 연안부두,https://xn--939au0g4vj8sq.net/cp/?id=1579671
[서울 광진] 조선부뚜막 건대점,https://xn--939au0g4vj8sq.net/cp/?id=1580222
[서울 용산] 쿠시노리,https://xn--939au0g4vj8sq.net/cp/?id=1580576
[서울 관악] 기막힌포차,https://xn--939au0g4vj8sq.net/cp/?id=1580648
[서울 서초] 카페라리 서초점,https://xn--939au0g4vj8sq.net/cp/?id=1580788
[서울 성동] 라무라 성수,https://xn--939au0g4vj8sq.net/cp/?id=1579855
[서울 용산] 만남의광장,https://xn--939au0g4vj8sq.net/cp/?id=1580714
[서울 용산] 네코노스시,https://xn--939au0g4vj8sq.net/cp/?id=1580629
[서울 광진] 오고,https://xn--939au0g4vj8sq.net/cp/?id=1580465
[서울 노원] 예향정 노원점,https://xn--939au0g4vj8sq.net/cp/?id=1580427
[서울 관악] 페블 펍앤라운지,https://xn--939au0g4vj8sq.net/cp/?id=1580003
[서울 성동] 꽃보다족발 본점,https://xn--939au0g4vj8sq.net/cp/?id=1581137
[서울 종로] 만수의정원,https://xn--939au0g4vj8sq.net/cp/?id=1580203
[서울 동작] 이수가 원조,https://xn--939au0g4vj8sq.net/cp/?id=1579958
[서울 송파] 그리즈,https://xn--939au0g4vj8sq.net/cp/?id=1581128
[서울 강남] 유타로,https://xn--939au0g4vj8sq.net/cp/?id=1580437
[서울 양천] 장군주먹고기,https://xn--939au0g4vj8sq.net/cp/?id=1579681
[서울 종로] 시미시미,https://xn--939au0g4vj8sq.net/cp/?id=1579956
[서울 송파] 켄홈 방이점,https://xn--939au0g4vj8sq.net/cp/?id=1580790
[서울 강남] 남도밥상이어요,https://xn--939au0g4vj8sq.net/cp/?id=1580105
[서울 성동] 싹쓰리곱창,https://xn--939au0g4vj8sq.net/cp/?id=1579739
[서울 동대문] 양궈푸마라탕 경희대점,https://xn--939au0g4vj8sq.net/cp/?id=1580651
[서울 중구] 청정순대국,https://xn--939au0g4vj8sq.net/cp/?id=1580451
[서울 마포] 슬로우야드 바베큐,https://xn--939au0g4vj8sq.net/cp/?id=1580046
[서울 강남] 서울집(역삼동),https://xn--939au0g4vj8sq.net/cp/?id=1580741
[서울 노원] 땡큐춘자 해물칼국수,https://xn--939au0g4vj8sq.net/cp/?id=1581171
[서울 송파] 난랑(방이동),https://xn--939au0g4vj8sq.net/cp/?id=1580233
[서울 성동] 브릴로,https://xn--939au0g4vj8sq.net/cp/?id=1580279
[서울 강남] 맥주를듣는사람들 ARK,https://xn--939au0g4vj8sq.net/cp/?id=1580717
[서울 영등포] 문래포차1422,https://xn--939au0g4vj8sq.net/cp/?id=1580159
[서울 용산] 티키타카감성포차,https://xn--939au0g4vj8sq.net/cp/?id=1580792
[서울 송파] 잠실 모소리,https://xn--939au0g4vj8sq.net/cp/?id=1579987
[서울 송파] 요즈음 잠실방이점,https://xn--939au0g4vj8sq.net/cp/?id=1580502
[서울 관악] 1979포차,https://xn--939au0g4vj8sq.net/cp/?id=1580367
[서울 강남] 수다 삼성1호점,https://xn--939au0g4vj8sq.net/cp/?id=1579653
[서울 강남] 스트라이프,https://xn--939au0g4vj8sq.net/cp/?id=1579835
[서울 광진] 건대내장탕,https://xn--939au0g4vj8sq.net/cp/?id=1580627
[서울 중구] 원더트위스트 현대시티아울렛 동대문점,https://xn--939au0g4vj8sq.net/cp/?id=1580508
[서울 종로] 원조공주떡집 안녕인사동,https://xn--939au0g4vj8sq.net/cp/?id=1580570
[서울 도봉] 삼겹식당,https://xn--939au0g4vj8sq.net/cp/?id=1579763
[서울 강남] 고본,https://xn--939au0g4vj8sq.net/cp/?id=1580202
[서울 강남] 미쓰냉삼,https://xn--939au0g4vj8sq.net/cp/?id=1579955
[서울 마포] 약수터,https://xn--939au0g4vj8sq.net/cp/?id=1579951
[서울 강동] 돈사돈 강동직영점,https://xn--939au0g4vj8sq.net/cp/?id=1580697
[서울 송파] 산척동수제비 문정3호점,https://xn--939au0g4vj8sq.net/cp/?id=1581212
"[서울 동작] 곰팔이생고기,돼지갈비",https://xn--939au0g4vj8sq.net/cp/?id=1580017
[서울 동작] 생생집,https://xn--939au0g4vj8sq.net/cp/?id=1580549
[서울 마포] 콰이찬 홍대점,https://xn--939au0g4vj8sq.net/cp/?id=1580065
[서울 강남] 순대실록 삼성역점,https://xn--939au0g4vj8sq.net/cp/?id=1581190
[서울 광진] 언필드,https://xn--939au0g4vj8sq.net/cp/?id=1580011
[서울 동작] 흥부왕족발보쌈,https://xn--939au0g4vj8sq.net/cp/?id=1580459
[서울 마포] 레이키친,https://xn--939au0g4vj8sq.net/cp/?id=1579724
[서울 강남] 춘천숯불닭갈비 강남역점,https://xn--939au0g4vj8sq.net/cp/?id=1580352
[서울 송파] 서민국수 잠실본점,https://xn--939au0g4vj8sq.net/cp/?id=1581175
[서울 강남] 메리가든,https://xn--939au0g4vj8sq.net/cp/?id=1580253
[서울 강남] 수다 삼성2호점,https://xn--939au0g4vj8sq.net/cp/?id=1579654
[서울 강남] 머.구리,https://xn--939au0g4vj8sq.net/cp/?id=1580590
[서울 서대문] 니드모어커피,https://xn--939au0g4vj8sq.net/cp/?id=1579677
[서울 도봉] 원조뼈다귀감자탕,https://xn--939au0g4vj8sq.net/cp/?id=1580341
[서울 광진] 호프광장 포차,https://xn--939au0g4vj8sq.net/cp/?id=1580801
[서울 강남] 오미마리,https://xn--939au0g4vj8sq.net/cp/?id=1580429
[서울 영등포] 플래어앤드림,https://xn--939au0g4vj8sq.net/cp/?id=1579854
[서울 영등포] 모에루 문래본점,https://xn--939au0g4vj8sq.net/cp/?id=1580307
[서울 중랑] 카페 돌,https://xn--939au0g4vj8sq.net/cp/?id=1581253
[서울 성북] 1944 두툼,https://xn--939au0g4vj8sq.net/cp/?id=1580359
[서울 서초] 에이리셉션,https://xn--939au0g4vj8sq.net/cp/?id=1580473
[서울 마포] 돈까스튀기는형 홍대점,https://xn--939au0g4vj8sq.net/cp/?id=1580088
[서울 동작] 베트남뚝배기쌀국수,https://xn--939au0g4vj8sq.net/cp/?id=1580110
[서울 광진] 이토,https://xn--939au0g4vj8sq.net/cp/?id=1580768
[서울 영등포] 신강양꼬치,https://xn--939au0g4vj8sq.net/cp/?id=1580336
[서울 강북] 와와 쪽갈비 수유점,https://xn--939au0g4vj8sq.net/cp/?id=1580068
[서울 용산] 신용산진배기고기집,https://xn--939au0g4vj8sq.net/cp/?id=1579932
[서울 용산] 기네스브릿지,https://xn--939au0g4vj8sq.net/cp/?id=1580212
[서울 강남] 하우마라탕,https://xn--939au0g4vj8sq.net/cp/?id=1581248
[서울 마포] 라오 아시안 비스트로,https://xn--939au0g4vj8sq.net/cp/?id=1581220
[서울 동작] 심원,https://xn--939au0g4vj8sq.net/cp/?id=1580188
[서울 강남] 보글지글 부대찌개&닭볶음탕,https://xn--939au0g4vj8sq.net/cp/?id=1580089
[서울 동작] 가락돈까스,https://xn--939au0g4vj8sq.net/cp/?id=1580363
[서울 강남] 분타 일원점,https://xn--939au0g4vj8sq.net/cp/?id=1580546
[서울 동대문] 이문족발,https://xn--939au0g4vj8sq.net/cp/?id=1580300
[서울 노량진] 록갈비 노량진점,https://xn--939au0g4vj8sq.net/cp/?id=1579974
[서울 강서] 동우황태 발산점,https://xn--939au0g4vj8sq.net/cp/?id=1580535
[서울 송파] 장생관 잠실방이점,https://xn--939au0g4vj8sq.net/cp/?id=1580514
[서울 강북] 가연 양꼬치&훠궈 무한리필,https://xn--939au0g4vj8sq.net/cp/?id=1579756
[서울 영등포] 홍두깨본칼국수,https://xn--939au0g4vj8sq.net/cp/?id=1580347
[서울 성동] 심야식당 행당,https://xn--939au0g4vj8sq.net/cp/?id=1578650
[서울 성북] 사계,https://xn--939au0g4vj8sq.net/cp/?id=1578737
[서울 광진] 오사카고양이 군자역점,https://xn--939au0g4vj8sq.net/cp/?id=1578647
[서울 용산] 이태원교집합,https://xn--939au0g4vj8sq.net/cp/?id=1578115
[서울 강남] 다크그림,https://xn--939au0g4vj8sq.net/cp/?id=1578727
[서울 관악] 미나리삼겹살 본점,https://xn--939au0g4vj8sq.net/cp/?id=1578653
[서울 성동] 연남토마 성수점,https://xn--939au0g4vj8sq.net/cp/?id=1578096
[서울 동대문] 오사카고양이 회기점,https://xn--939au0g4vj8sq.net/cp/?id=1578613
[서울 강서] 삼정집,https://xn--939au0g4vj8sq.net/cp/?id=1578625
[서울 강남] 청담오후,https://xn--939au0g4vj8sq.net/cp/?id=1578111
[서울 서대문] 링키지 버거,https://xn--939au0g4vj8sq.net/cp/?id=1578621
[서울 강남] 제주갈치전문점,https://xn--939au0g4vj8sq.net/cp/?id=1578617
[서울 영등포] 숯불장어어때,https://xn--939au0g4vj8sq.net/cp/?id=1578608
[서울 강남] 라모따,https://xn--939au0g4vj8sq.net/cp/?id=1578612
[서울 강남] 레폴리,https://xn--939au0g4vj8sq.net/cp/?id=1578085
[서울 마포] 송이네,https://xn--939au0g4vj8sq.net/cp/?id=1578656
[서울 노원] 아담만두 중계본점,https://xn--939au0g4vj8sq.net/cp/?id=1578114
[서울 강서] 탕화쿵푸마라탕 발산점,https://xn--939au0g4vj8sq.net/cp/?id=1578610
[서울 마포] 꼬치꼬치 양꼬치,https://xn--939au0g4vj8sq.net/cp/?id=1578645
[서울 용산] 감성커피J,https://xn--939au0g4vj8sq.net/cp/?id=1578084
[서울 마포] 오뗄드꾸뜨,https://xn--939au0g4vj8sq.net/cp/?id=1578671
[서울 강남] 김봉남포장마차 가로수길근처점,https://xn--939au0g4vj8sq.net/cp/?id=1578632
[서울 관악] 광어연어,https://xn--939au0g4vj8sq.net/cp/?id=1578665
[서울 마포] 블러드앤샌드,https://xn--939au0g4vj8sq.net/cp/?id=1578607
[서울 강동] 암사해장국,https://xn--939au0g4vj8sq.net/cp/?id=1578674
[서울 관악] 하라고지페,https://xn--939au0g4vj8sq.net/cp/?id=1578646
[서울 영등포] 육수정 영등포역본점,https://xn--939au0g4vj8sq.net/cp/?id=1577210
[서울 영등포] 삼산회관 선유도역점,https://xn--939au0g4vj8sq.net/cp/?id=1575068
[서울 강서] 삼산회관 증미역점,https://xn--939au0g4vj8sq.net/cp/?id=1574404
